Workbook

Sheet 2026 Miami
A1: 2024 Kepners | J1: Round | K1: 1 | L1: 2 | M1: 3 | N1: 4 | O1: 5 | P1: 6 | Q1: 7 | R1: 8 | S1: 9 | T1: 10 | U1: 11 | V1: 12 | W1: 13 | X1: 14 | Y1: 15 | Z1: 16
A2: Download List from: https://www.4for4.com/adp?paging=0 | B2: Research Action Items | H2: First Pick | I2: 3 | J2: Targets | K2: =COUNTIF($D$7:$D$301, K1) -> 3 | L2: =COUNTIF($D$7:$D$301, L1) -> 19 | M2: =COUNTIF($D$7:$D$301, M1) -> 5 | N2: =COUNTIF($D$7:$D$301, N1) -> 19 | O2: =COUNTIF($D$7:$D$301, O1) -> 5 | P2: =COUNTIF($D$7:$D$301, P1) -> 17 | Q2: =COUNTIF($D$7:$D$301, Q1) -> 8 | R2: =COUNTIF($D$7:$D$301, R1) -> 0 | ... Z2: =COUNTIF($D$7:$D$301, Z1) -> 0
B3: 1. Finalize Keeper Dat | H3: Second Pick | I3: =24-I2+1 -> 22 | J3: Cum Targets | K3: =K2 -> 3 | L3: =K3+L2 -> 22 | M3: =L3+M2 -> 27 | N3: =M3+N2 -> 46 | O3: =N3+O2 -> 51 | P3: =O3+P2 -> 68 | Q3: =P3+Q2 -> 76 | R3: =Q3+R2 -> 76 | S3: =R3+S2 -> 97 | ... Z3: =Y3+Z2 -> 106
B4: 2. Populate Target Rounds | J4: My Pick | K4: =I2 -> 3 | L4: =I3 -> 22 | M4: =L4+5 -> 27 | N4: =M4+19 -> 46 | O4: =N4+5 -> 51 | P4: =O4+19 -> 70 | Q4: =P4+5 -> 75 | R4: =Q4+19 -> 94 | S4: =R4+5 -> 99 | T4: =S4+19 -> 118 | U4: =T4+5 -> 123 | V4: =U4+19 -> 142 | W4: =V4+5 -> 147 | X4: =W4+19 -> 166 | Y4: =X4+5 -> 171 | Z4: =Y4+19 -> 190
J5: Enough Targets? | K5: =K3-K4 -> 0 | L5: =L3-L4 -> 0 | M5: =M3-M4 -> 0 | N5: =N3-N4 -> 0 | O5: =O3-O4 -> 0 | P5: =P3-P4 -> -2 | Q5: =Q3-Q4 -> 1 | R5: =R3-R4 -> -18 | ... Z5: =Z3-Z4 -> -84
A6: My Team | B6: Average Round | C6: Available? | D6: Target Round | E6: Draft Prep Mock | F6: Like | G6: Player | H6: Team | I6: Position | J6: Tier | K6: Sean Pos Rank | L6: Yahoo Avg Rnd | M6: Y! | N6: Avg Dif | O6: Underdog | P6: Underdog Diff | Q6: CBS | R6: ESPN | S6: FFPC | T6: BB10s | U6: NFL | V6: AVG RK | W6: Avg Rd | X6: My Diff | Y6: Diff from Old Rank | Z6: Notes
B7: =IFERROR(INT(AVERAGE(Q7:U7)/12)+1, INT(AVERAGE(M7)/12)+1) -> 1 | C7: No | D7: 1 | F7: =VLOOKUP(G7, SeanRanks!$A$2:$E$302, 4, FALSE) -> 0 | G7: Christian McCaffrey | H7: =VLOOKUP($G7, 'ADP Data'!$C$4:$Q$300, 2, FALSE) -> SF | I7: =VLOOKUP(G7, 'ADP Data'!$C$4:$R$498, 12, FALSE) -> 7 | J7: =VLOOKUP($G7, SeanRanks!$A$2:$H$303, 5, FALSE) -> 0 | K7: =VLOOKUP($G7, SeanRanks!$A$2:$H$303, 6, FALSE) -> RB1 - 1 - Elite floor/ceiling | L7: =IFERROR(INT(M7/8)+1, 16) -> 2 | M7: =VLOOKUP($G7, 'ADP Data'!$C$4:$Q$300, 9, FALSE) -> 10 | N7: =M7-V7 -> 2 | O7: =VLOOKUP($G7, 'ADP Data'!$C$4:$Q$300, 3, FALSE) -> 8 | P7: =M7-O7 -> 2 | Q7: =VLOOKUP($G7, 'ADP Data'!$C$4:$Q$300, 4, FALSE) -> 7 | R7: =VLOOKUP($G7, 'ADP Data'!$C$4:$Q$300, 5, FALSE) -> 7 | S7: =VLOOKUP($G7, 'ADP Data'!$C$4:$Q$300, 6, FALSE) -> 8 | T7: =VLOOKUP($G7, 'ADP Data'!$C$4:$Q$300, 7, FALSE) -> 7 | U7: =VLOOKUP($G7, 'ADP Data'!$C$4:$Q$300, 8, FALSE) -> 11 | V7: =INT(AVERAGE(M7, O7,Q7:U7)) -> 8 | W7: =IFERROR(INT(V7/8)+1, 16) -> 2 | X7: =D7-W7 -> -1 | Y7: =VLOOKUP($G7, SeanRanks!$A$2:$K$303, 10, FALSE)-V7 -> 1 | Z7: =IF(VLOOKUP($G7, SeanRanks!$A$2:$H$303, 7, FALSE)=0, "", VLOOKUP($G7, SeanRanks!$A$2:$H$303, 7, FALSE)) -> 4
A8: Yes | B8: =IFERROR(INT(AVERAGE(Q8:U8)/12)+1, INT(AVERAGE(M8)/12)+1) -> 3 | C8: No | D8: 1 | F8: =VLOOKUP(G8, SeanRanks!$A$2:$E$302, 4, FALSE) -> 0 | G8: Tyreek Hill | H8: =VLOOKUP($G8, 'ADP Data'!$C$4:$Q$300, 2, FALSE) -> MIA | I8: =VLOOKUP(G8, 'ADP Data'!$C$4:$R$498, 12, FALSE) -> 33 | J8: =VLOOKUP($G8, SeanRanks!$A$2:$H$303, 5, FALSE) -> Yes | K8: =IF(VLOOKUP($G8, SeanRanks!$A$2:$H$303, 6, FALSE)=0, "", VLOOKUP($G8, SeanRanks!$A$2:$H$303, 6, FALSE)) -> WR2 - 1 - WR1 upside | L8: =IFERROR(INT(M8/8)+1, 16) -> 4 | M8: =VLOOKUP($G8, 'ADP Data'!$C$4:$Q$300, 9, FALSE) -> 27 | N8: =M8-V8 -> -7 | O8: =VLOOKUP($G8, 'ADP Data'!$C$4:$Q$300, 3, FALSE) -> 39 | P8: =M8-O8 -> -12 | Q8: =VLOOKUP($G8, 'ADP Data'!$C$4:$Q$300, 4, FALSE) -> 31 | R8: =VLOOKUP($G8, 'ADP Data'!$C$4:$Q$300, 5, FALSE) -> 36 | S8: =VLOOKUP($G8, 'ADP Data'!$C$4:$Q$300, 6, FALSE) -> 36 | T8: =VLOOKUP($G8, 'ADP Data'!$C$4:$Q$300, 7, FALSE) -> 33 | U8: =VLOOKUP($G8, 'ADP Data'!$C$4:$Q$300, 8, FALSE) -> 36 | V8: =INT(AVERAGE(M8, O8,Q8:U8)) -> 34 | W8: =IFERROR(INT(V8/8)+1, 16) -> 5 | X8: =D8-W8 -> -4 | Y8: =VLOOKUP($G8, SeanRanks!$A$2:$K$303, 10, FALSE)-V8 -> 8 | Z8: =IF(VLOOKUP($G8, SeanRanks!$A$2:$H$303, 7, FALSE)=0, "", VLOOKUP($G8, SeanRanks!$A$2:$H$303, 7, FALSE)) -> 16
B9: =IFERROR(INT(AVERAGE(Q9:U9)/12)+1, INT(AVERAGE(M9)/12)+1) -> 1 | C9: No | D9: 1 | E9: X | F9: =VLOOKUP(G9, SeanRanks!$A$2:$E$302, 4, FALSE) -> 0 | G9: CeeDee Lamb | H9: =VLOOKUP($G9, 'ADP Data'!$C$4:$Q$300, 2, FALSE) -> DAL | I9: =VLOOKUP(G9, 'ADP Data'!$C$4:$R$498, 12, FALSE) -> 3 | J9: =VLOOKUP($G9, SeanRanks!$A$2:$H$303, 5, FALSE) -> 0 | K9: =IF(VLOOKUP($G9, SeanRanks!$A$2:$H$303, 6, FALSE)=0, "", VLOOKUP($G9, SeanRanks!$A$2:$H$303, 6, FALSE)) -> WR1 - 1 - Elite | L9: =IFERROR(INT(M9/8)+1, 16) -> 1 | M9: =VLOOKUP($G9, 'ADP Data'!$C$4:$Q$300, 9, FALSE) -> 6 | N9: =M9-V9 -> 2 | O9: =VLOOKUP($G9, 'ADP Data'!$C$4:$Q$300, 3, FALSE) -> 5 | P9: =M9-O9 -> 1 | Q9: =VLOOKUP($G9, 'ADP Data'!$C$4:$Q$300, 4, FALSE) -> 6 | R9: =VLOOKUP($G9, 'ADP Data'!$C$4:$Q$300, 5, FALSE) -> 5 | S9: =VLOOKUP($G9, 'ADP Data'!$C$4:$Q$300, 6, FALSE) -> 4 | T9: =VLOOKUP($G9, 'ADP Data'!$C$4:$Q$300, 7, FALSE) -> 4 | U9: =VLOOKUP($G9, 'ADP Data'!$C$4:$Q$300, 8, FALSE) -> 3 | V9: =INT(AVERAGE(M9, O9,Q9:U9)) -> 4 | W9: =IFERROR(INT(V9/8)+1, 16) -> 1 | X9: =D9-W9 -> 0 | Y9: =VLOOKUP($G9, SeanRanks!$A$2:$K$303, 10, FALSE)-V9 -> 1 | Z9: =IF(VLOOKUP($G9, SeanRanks!$A$2:$H$303, 7, FALSE)=0, "", VLOOKUP($G9, SeanRanks!$A$2:$H$303, 7, FALSE)) -> 3
B10: =IFERROR(INT(AVERAGE(Q10:U10)/12)+1, INT(AVERAGE(M10)/12)+1) -> 4 | C10: No | D10: 2 | F10: =VLOOKUP(G10, SeanRanks!$A$2:$E$302, 4, FALSE) -> 0 | G10: Breece Hall | H10: =VLOOKUP($G10, 'ADP Data'!$C$4:$Q$300, 2, FALSE) -> NYJ | I10: =VLOOKUP(G10, 'ADP Data'!$C$4:$R$498, 12, FALSE) -> 47 | J10: =VLOOKUP($G10, SeanRanks!$A$2:$H$303, 5, FALSE) -> 0 | K10: =IF(VLOOKUP($G10, SeanRanks!$A$2:$H$303, 6, FALSE)=0, "", VLOOKUP($G10, SeanRanks!$A$2:$H$303, 6, FALSE)) -> RB2 - 1 - Clear path to spikes | L10: =IFERROR(INT(M10/8)+1, 16) -> 5 | M10: =VLOOKUP($G10, 'ADP Data'!$C$4:$Q$300, 9, FALSE) -> 32 | N10: =M10-V10 -> -7 | O10: =VLOOKUP($G10, 'ADP Data'!$C$4:$Q$300, 3, FALSE) -> 41 | P10: =M10-O10 -> -9 | Q10: =VLOOKUP($G10, 'ADP Data'!$C$4:$Q$300, 4, FALSE) -> 51 | R10: =VLOOKUP($G10, 'ADP Data'!$C$4:$Q$300, 5, FALSE) -> 41 | S10: =VLOOKUP($G10, 'ADP Data'!$C$4:$Q$300, 6, FALSE) -> 42 | T10: =VLOOKUP($G10, 'ADP Data'!$C$4:$Q$300, 7, FALSE) -> 39 | U10: =VLOOKUP($G10, 'ADP Data'!$C$4:$Q$300, 8, FALSE) -> 31 | V10: =INT(AVERAGE(M10, O10,Q10:U10)) -> 39 | W10: =IFERROR(INT(V10/8)+1, 16) -> 5 | X10: =D10-W10 -> -3 | Y10: =VLOOKUP($G10, SeanRanks!$A$2:$K$303, 10, FALSE)-V10 -> 11 | Z10: =IF(VLOOKUP($G10, SeanRanks!$A$2:$H$303, 7, FALSE)=0, "", VLOOKUP($G10, SeanRanks!$A$2:$H$303, 7, FALSE)) -> 16
B11: =IFERROR(INT(AVERAGE(Q11:U11)/12)+1, INT(AVERAGE(M11)/12)+1) -> 1 | C11: No | D11: 2 | F11: =VLOOKUP(G11, SeanRanks!$A$2:$E$302, 4, FALSE) -> 0 | G11: Bijan Robinson | H11: =VLOOKUP($G11, 'ADP Data'!$C$4:$Q$300, 2, FALSE) -> ATL | I11: =VLOOKUP(G11, 'ADP Data'!$C$4:$R$498, 12, FALSE) -> 2 | J11: =VLOOKUP($G11, SeanRanks!$A$2:$H$303, 5, FALSE) -> 0 | K11: =IF(VLOOKUP($G11, SeanRanks!$A$2:$H$303, 6, FALSE)=0, "", VLOOKUP($G11, SeanRanks!$A$2:$H$303, 6, FALSE)) -> RB1 - 1 - Elite floor/ceiling | L11: =IFERROR(INT(M11/8)+1, 16) -> 1 | M11: =VLOOKUP($G11, 'ADP Data'!$C$4:$Q$300, 9, FALSE) -> 3 | N11: =M11-V11 -> 1 | O11: =VLOOKUP($G11, 'ADP Data'!$C$4:$Q$300, 3, FALSE) -> 2 | P11: =M11-O11 -> 1 | Q11: =VLOOKUP($G11, 'ADP Data'!$C$4:$Q$300, 4, FALSE) -> 2 | R11: =VLOOKUP($G11, 'ADP Data'!$C$4:$Q$300, 5, FALSE) -> 2 | S11: =VLOOKUP($G11, 'ADP Data'!$C$4:$Q$300, 6, FALSE) -> 2 | T11: =VLOOKUP($G11, 'ADP Data'!$C$4:$Q$300, 7, FALSE) -> 2 | U11: =VLOOKUP($G11, 'ADP Data'!$C$4:$Q$300, 8, FALSE) -> 2 | V11: =INT(AVERAGE(M11, O11,Q11:U11)) -> 2 | W11: =IFERROR(INT(V11/8)+1, 16) -> 1 | X11: =D11-W11 -> 1 | Y11: =VLOOKUP($G11, SeanRanks!$A$2:$K$303, 10, FALSE)-V11 -> 0 | Z11: =IF(VLOOKUP($G11, SeanRanks!$A$2:$H$303, 7, FALSE)=0, "", VLOOKUP($G11, SeanRanks!$A$2:$H$303, 7, FALSE)) -> 1
B12: =IFERROR(INT(AVERAGE(Q12:U12)/12)+1, INT(AVERAGE(M12)/12)+1) -> 1 | C12: No | D12: 2 | F12: =VLOOKUP(G12, SeanRanks!$A$2:$E$302, 4, FALSE) -> 0 | G12: Ja'Marr Chase | H12: =VLOOKUP($G12, 'ADP Data'!$C$4:$Q$300, 2, FALSE) -> CIN | I12: =VLOOKUP(G12, 'ADP Data'!$C$4:$R$498, 12, FALSE) -> 1 | J12: =VLOOKUP($G12, SeanRanks!$A$2:$H$303, 5, FALSE) -> 0 | K12: =IF(VLOOKUP($G12, SeanRanks!$A$2:$H$303, 6, FALSE)=0, "", VLOOKUP($G12, SeanRanks!$A$2:$H$303, 6, FALSE)) -> WR1 - 1 - Elite | L12: =IFERROR(INT(M12/8)+1, 16) -> 1 | M12: =VLOOKUP($G12, 'ADP Data'!$C$4:$Q$300, 9, FALSE) -> 1 | N12: =M12-V12 -> 0 | O12: =VLOOKUP($G12, 'ADP Data'!$C$4:$Q$300, 3, FALSE) -> 1 | P12: =M12-O12 -> 0 | Q12: =VLOOKUP($G12, 'ADP Data'!$C$4:$Q$300, 4, FALSE) -> 1 | R12: =VLOOKUP($G12, 'ADP Data'!$C$4:$Q$300, 5, FALSE) -> 1 | S12: =VLOOKUP($G12, 'ADP Data'!$C$4:$Q$300, 6, FALSE) -> 1 | T12: =VLOOKUP($G12, 'ADP Data'!$C$4:$Q$300, 7, FALSE) -> 1 | U12: =VLOOKUP($G12, 'ADP Data'!$C$4:$Q$300, 8, FALSE) -> 1 | V12: =INT(AVERAGE(M12, O12,Q12:U12)) -> 1 | W12: =IFERROR(INT(V12/8)+1, 16) -> 1 | X12: =D12-W12 -> 1 | Y12: =VLOOKUP($G12, SeanRanks!$A$2:$K$303, 10, FALSE)-V12 -> 0 | Z12: =IF(VLOOKUP($G12, SeanRanks!$A$2:$H$303, 7, FALSE)=0, "", VLOOKUP($G12, SeanRanks!$A$2:$H$303, 7, FALSE)) -> 1
B13: =IFERROR(INT(AVERAGE(Q13:U13)/12)+1, INT(AVERAGE(M13)/12)+1) -> 2 | C13: No | F13: =VLOOKUP(G13, SeanRanks!$A$2:$E$302, 4, FALSE) -> 0 | G13: A.J. Brown | H13: =VLOOKUP($G13, 'ADP Data'!$C$4:$Q$300, 2, FALSE) -> PHI | I13: =VLOOKUP(G13, 'ADP Data'!$C$4:$R$498, 12, FALSE) -> 17 | J13: =VLOOKUP($G13, SeanRanks!$A$2:$H$303, 5, FALSE) -> 0 | K13: =IF(VLOOKUP($G13, SeanRanks!$A$2:$H$303, 6, FALSE)=0, "", VLOOKUP($G13, SeanRanks!$A$2:$H$303, 6, FALSE)) -> WR1 - 3 - Inconsistent | L13: =IFERROR(INT(M13/8)+1, 16) -> 3 | M13: =VLOOKUP($G13, 'ADP Data'!$C$4:$Q$300, 9, FALSE) -> 18 | N13: =M13-V13 -> -2 | O13: =VLOOKUP($G13, 'ADP Data'!$C$4:$Q$300, 3, FALSE) -> 27 | P13: =M13-O13 -> -9 | Q13: =VLOOKUP($G13, 'ADP Data'!$C$4:$Q$300, 4, FALSE) -> 18 | R13: =VLOOKUP($G13, 'ADP Data'!$C$4:$Q$300, 5, FALSE) -> 22 | S13: =VLOOKUP($G13, 'ADP Data'!$C$4:$Q$300, 6, FALSE) -> 23 | T13: =VLOOKUP($G13, 'ADP Data'!$C$4:$Q$300, 7, FALSE) -> 21 | U13: =VLOOKUP($G13, 'ADP Data'!$C$4:$Q$300, 8, FALSE) -> 15 | V13: =INT(AVERAGE(M13, O13,Q13:U13)) -> 20 | W13: =IFERROR(INT(V13/8)+1, 16) -> 3 | X13: =D13-W13 -> -3 | Y13: =VLOOKUP($G13, SeanRanks!$A$2:$K$303, 10, FALSE)-V13 -> -2 | Z13: =IF(VLOOKUP($G13, SeanRanks!$A$2:$H$303, 7, FALSE)=0, "", VLOOKUP($G13, SeanRanks!$A$2:$H$303, 7, FALSE)) -> 11
B14: =IFERROR(INT(AVERAGE(Q14:U14)/12)+1, INT(AVERAGE(M14)/12)+1) -> 1 | C14: No | F14: =VLOOKUP(G14, SeanRanks!$A$2:$E$302, 4, FALSE) -> 0 | G14: Justin Jefferson | H14: =VLOOKUP($G14, 'ADP Data'!$C$4:$Q$300, 2, FALSE) -> MIN | I14: =VLOOKUP(G14, 'ADP Data'!$C$4:$R$498, 12, FALSE) -> 5 | J14: =VLOOKUP($G14, SeanRanks!$A$2:$H$303, 5, FALSE) -> 0 | K14: =IF(VLOOKUP($G14, SeanRanks!$A$2:$H$303, 6, FALSE)=0, "", VLOOKUP($G14, SeanRanks!$A$2:$H$303, 6, FALSE)) -> WR1 - 1 - Elite | L14: =IFERROR(INT(M14/8)+1, 16) -> 1 | M14: =VLOOKUP($G14, 'ADP Data'!$C$4:$Q$300, 9, FALSE) -> 5 | N14: =M14-V14 -> 0 | O14: =VLOOKUP($G14, 'ADP Data'!$C$4:$Q$300, 3, FALSE) -> 6 | P14: =M14-O14 -> -1 | Q14: =VLOOKUP($G14, 'ADP Data'!$C$4:$Q$300, 4, FALSE) -> 4 | R14: =VLOOKUP($G14, 'ADP Data'!$C$4:$Q$300, 5, FALSE) -> 3 | S14: =VLOOKUP($G14, 'ADP Data'!$C$4:$Q$300, 6, FALSE) -> 6 | T14: =VLOOKUP($G14, 'ADP Data'!$C$4:$Q$300, 7, FALSE) -> 6 | U14: =VLOOKUP($G14, 'ADP Data'!$C$4:$Q$300, 8, FALSE) -> 5 | V14: =INT(AVERAGE(M14, O14,Q14:U14)) -> 5 | W14: =IFERROR(INT(V14/8)+1, 16) -> 1 | X14: =D14-W14 -> -1 | Y14: =VLOOKUP($G14, SeanRanks!$A$2:$K$303, 10, FALSE)-V14 -> 1 | Z14: =IF(VLOOKUP($G14, SeanRanks!$A$2:$H$303, 7, FALSE)=0, "", VLOOKUP($G14, SeanRanks!$A$2:$H$303, 7, FALSE)) -> 2
B15: =IFERROR(INT(AVERAGE(Q15:U15)/12)+1, INT(AVERAGE(M15)/12)+1) -> 1 | C15: No | D15: 2 | F15: =VLOOKUP(G15, SeanRanks!$A$2:$E$302, 4, FALSE) -> 0 | G15: Amon-Ra St. Brown | H15: =VLOOKUP($G15, 'ADP Data'!$C$4:$Q$300, 2, FALSE) -> DET | I15: =VLOOKUP(G15, 'ADP Data'!$C$4:$R$498, 12, FALSE) -> 9 | J15: =VLOOKUP($G15, SeanRanks!$A$2:$H$303, 5, FALSE) -> 0 | K15: =IF(VLOOKUP($G15, SeanRanks!$A$2:$H$303, 6, FALSE)=0, "", VLOOKUP($G15, SeanRanks!$A$2:$H$303, 6, FALSE)) -> WR1 - 2 - High Floor | L15: =IFERROR(INT(M15/8)+1, 16) -> 2 | M15: =VLOOKUP($G15, 'ADP Data'!$C$4:$Q$300, 9, FALSE) -> 8 | N15: =M15-V15 -> -1 | O15: =VLOOKUP($G15, 'ADP Data'!$C$4:$Q$300, 3, FALSE) -> 12 | P15: =M15-O15 -> -4 | Q15: =VLOOKUP($G15, 'ADP Data'!$C$4:$Q$300, 4, FALSE) -> 8 | R15: =VLOOKUP($G15, 'ADP Data'!$C$4:$Q$300, 5, FALSE) -> 11 | S15: =VLOOKUP($G15, 'ADP Data'!$C$4:$Q$300, 6, FALSE) -> 11 | T15: =VLOOKUP($G15, 'ADP Data'!$C$4:$Q$300, 7, FALSE) -> 9 | U15: =VLOOKUP($G15, 'ADP Data'!$C$4:$Q$300, 8, FALSE) -> 8 | V15: =INT(AVERAGE(M15, O15,Q15:U15)) -> 9 | W15: =IFERROR(INT(V15/8)+1, 16) -> 2 | X15: =D15-W15 -> 0 | Y15: =VLOOKUP($G15, SeanRanks!$A$2:$K$303, 10, FALSE)-V15 -> -1 | Z15: =IF(VLOOKUP($G15, SeanRanks!$A$2:$H$303, 7, FALSE)=0, "", VLOOKUP($G15, SeanRanks!$A$2:$H$303, 7, FALSE)) -> 6
B16: =IFERROR(INT(AVERAGE(Q16:U16)/12)+1, INT(AVERAGE(M16)/12)+1) -> 2 | C16: No | F16: =VLOOKUP(G16, SeanRanks!$A$2:$E$302, 4, FALSE) -> 0 | G16: Jonathan Taylor | H16: =VLOOKUP($G16, 'ADP Data'!$C$4:$Q$300, 2, FALSE) -> IND | I16: =VLOOKUP(G16, 'ADP Data'!$C$4:$R$498, 12, FALSE) -> 20 | J16: =VLOOKUP($G16, SeanRanks!$A$2:$H$303, 5, FALSE) -> No | K16: =IF(VLOOKUP($G16, SeanRanks!$A$2:$H$303, 6, FALSE)=0, "", VLOOKUP($G16, SeanRanks!$A$2:$H$303, 6, FALSE)) -> RB1 - 2 - Elite ceiling/questions | L16: =IFERROR(INT(M16/8)+1, 16) -> 3 | M16: =VLOOKUP($G16, 'ADP Data'!$C$4:$Q$300, 9, FALSE) -> 20 | N16: =M16-V16 -> 1 | O16: =VLOOKUP($G16, 'ADP Data'!$C$4:$Q$300, 3, FALSE) -> 21 | P16: =M16-O16 -> -1 | Q16: =VLOOKUP($G16, 'ADP Data'!$C$4:$Q$300, 4, FALSE) -> 15 | R16: =VLOOKUP($G16, 'ADP Data'!$C$4:$Q$300, 5, FALSE) -> 20 | S16: =VLOOKUP($G16, 'ADP Data'!$C$4:$Q$300, 6, FALSE) -> 21 | T16: =VLOOKUP($G16, 'ADP Data'!$C$4:$Q$300, 7, FALSE) -> 20 | U16: =VLOOKUP($G16, 'ADP Data'!$C$4:$Q$300, 8, FALSE) -> 22 | V16: =INT(AVERAGE(M16, O16,Q16:U16)) -> 19 | W16: =IFERROR(INT(V16/8)+1, 16) -> 3 | X16: =D16-W16 -> -3 | Y16: =VLOOKUP($G16, SeanRanks!$A$2:$K$303, 10, FALSE)-V16 -> 0 | Z16: =IF(VLOOKUP($G16, SeanRanks!$A$2:$H$303, 7, FALSE)=0, "", VLOOKUP($G16, SeanRanks!$A$2:$H$303, 7, FALSE)) -> 12
B17: =IFERROR(INT(AVERAGE(Q17:U17)/12)+1, INT(AVERAGE(M17)/12)+1) -> 1 | C17: No | D17: 2 | F17: =VLOOKUP(G17, SeanRanks!$A$2:$E$302, 4, FALSE) -> 0 | G17: Puka Nacua | H17: =VLOOKUP($G17, 'ADP Data'!$C$4:$Q$300, 2, FALSE) -> LAR | I17: =VLOOKUP(G17, 'ADP Data'!$C$4:$R$498, 12, FALSE) -> 13 | J17: =VLOOKUP($G17, SeanRanks!$A$2:$H$303, 5, FALSE) -> 0 | K17: =IF(VLOOKUP($G17, SeanRanks!$A$2:$H$303, 6, FALSE)=0, "", VLOOKUP($G17, SeanRanks!$A$2:$H$303, 6, FALSE)) -> WR1 - 2 - High Floor | L17: =IFERROR(INT(M17/8)+1, 16) -> 2 | M17: =VLOOKUP($G17, 'ADP Data'!$C$4:$Q$300, 9, FALSE) -> 11 | N17: =M17-V17 -> 0 | O17: =VLOOKUP($G17, 'ADP Data'!$C$4:$Q$300, 3, FALSE) -> 14 | P17: =M17-O17 -> -3 | Q17: =VLOOKUP($G17, 'ADP Data'!$C$4:$Q$300, 4, FALSE) -> 9 | R17: =VLOOKUP($G17, 'ADP Data'!$C$4:$Q$300, 5, FALSE) -> 8 | S17: =VLOOKUP($G17, 'ADP Data'!$C$4:$Q$300, 6, FALSE) -> 15 | T17: =VLOOKUP($G17, 'ADP Data'!$C$4:$Q$300, 7, FALSE) -> 14 | U17: =VLOOKUP($G17, 'ADP Data'!$C$4:$Q$300, 8, FALSE) -> 7 | V17: =INT(AVERAGE(M17, O17,Q17:U17)) -> 11 | W17: =IFERROR(INT(V17/8)+1, 16) -> 2 | X17: =D17-W17 -> 0 | Y17: =VLOOKUP($G17, SeanRanks!$A$2:$K$303, 10, FALSE)-V17 -> 5 | Z17: =IF(VLOOKUP($G17, SeanRanks!$A$2:$H$303, 7, FALSE)=0, "", VLOOKUP($G17, SeanRanks!$A$2:$H$303, 7, FALSE)) -> 9
B18: =IFERROR(INT(AVERAGE(Q18:U18)/12)+1, INT(AVERAGE(M18)/12)+1) -> 4 | C18: No | F18: =VLOOKUP(G18, SeanRanks!$A$2:$E$302, 4, FALSE) -> 0 | G18: Garrett Wilson | H18: =VLOOKUP($G18, 'ADP Data'!$C$4:$Q$300, 2, FALSE) -> NYJ | I18: =VLOOKUP(G18, 'ADP Data'!$C$4:$R$498, 12, FALSE) -> 28 | J18: =VLOOKUP($G18, SeanRanks!$A$2:$H$303, 5, FALSE) -> 0 | K18: =IF(VLOOKUP($G18, SeanRanks!$A$2:$H$303, 6, FALSE)=0, "", VLOOKUP($G18, SeanRanks!$A$2:$H$303, 6, FALSE)) -> WR2 - 1 - WR1 upside | L18: =IFERROR(INT(M18/8)+1, 16) -> 5 | M18: =VLOOKUP($G18, 'ADP Data'!$C$4:$Q$300, 9, FALSE) -> 34 | N18: =M18-V18 -> -4 | O18: =VLOOKUP($G18, 'ADP Data'!$C$4:$Q$300, 3, FALSE) -> 51 | P18: =M18-O18 -> -17 | Q18: =VLOOKUP($G18, 'ADP Data'!$C$4:$Q$300, 4, FALSE) -> 41 | R18: =VLOOKUP($G18, 'ADP Data'!$C$4:$Q$300, 5, FALSE) -> 37 | S18: =VLOOKUP($G18, 'ADP Data'!$C$4:$Q$300, 6, FALSE) -> 39 | T18: =VLOOKUP($G18, 'ADP Data'!$C$4:$Q$300, 7, FALSE) -> 30 | U18: =VLOOKUP($G18, 'ADP Data'!$C$4:$Q$300, 8, FALSE) -> 37 | V18: =INT(AVERAGE(M18, O18,Q18:U18)) -> 38 | W18: =IFERROR(INT(V18/8)+1, 16) -> 5 | X18: =D18-W18 -> -5 | Y18: =VLOOKUP($G18, SeanRanks!$A$2:$K$303, 10, FALSE)-V18 -> 1 | Z18: =IF(VLOOKUP($G18, SeanRanks!$A$2:$H$303, 7, FALSE)=0, "", VLOOKUP($G18, SeanRanks!$A$2:$H$303, 7, FALSE)) -> 17
B19: =IFERROR(INT(AVERAGE(Q19:U19)/12)+1, INT(AVERAGE(M19)/12)+1) -> 1 | C19: No | D19: 2 | F19: =VLOOKUP(G19, SeanRanks!$A$2:$E$302, 4, FALSE) -> 0 | G19: Saquon Barkley | H19: =VLOOKUP($G19, 'ADP Data'!$C$4:$Q$300, 2, FALSE) -> PHI | I19: =VLOOKUP(G19, 'ADP Data'!$C$4:$R$498, 12, FALSE) -> 6 | J19: =VLOOKUP($G19, SeanRanks!$A$2:$H$303, 5, FALSE) -> 0 | K19: =IF(VLOOKUP($G19, SeanRanks!$A$2:$H$303, 6, FALSE)=0, "", VLOOKUP($G19, SeanRanks!$A$2:$H$303, 6, FALSE)) -> RB1 - 1 - Elite floor/ceiling | L19: =IFERROR(INT(M19/8)+1, 16) -> 1 | M19: =VLOOKUP($G19, 'ADP Data'!$C$4:$Q$300, 9, FALSE) -> 2 | N19: =M19-V19 -> -2 | O19: =VLOOKUP($G19, 'ADP Data'!$C$4:$Q$300, 3, FALSE) -> 3 | P19: =M19-O19 -> -1 | Q19: =VLOOKUP($G19, 'ADP Data'!$C$4:$Q$300, 4, FALSE) -> 3 | R19: =VLOOKUP($G19, 'ADP Data'!$C$4:$Q$300, 5, FALSE) -> 6 | S19: =VLOOKUP($G19, 'ADP Data'!$C$4:$Q$300, 6, FALSE) -> 5 | T19: =VLOOKUP($G19, 'ADP Data'!$C$4:$Q$300, 7, FALSE) -> 5 | U19: =VLOOKUP($G19, 'ADP Data'!$C$4:$Q$300, 8, FALSE) -> 4 | V19: =INT(AVERAGE(M19, O19,Q19:U19)) -> 4 | W19: =IFERROR(INT(V19/8)+1, 16) -> 1 | X19: =D19-W19 -> 1 | Y19: =VLOOKUP($G19, SeanRanks!$A$2:$K$303, 10, FALSE)-V19 -> -1 | Z19: =IF(VLOOKUP($G19, SeanRanks!$A$2:$H$303, 7, FALSE)=0, "", VLOOKUP($G19, SeanRanks!$A$2:$H$303, 7, FALSE)) -> 2
B20: =IFERROR(INT(AVERAGE(Q20:U20)/12)+1, INT(AVERAGE(M20)/12)+1) -> 1 | C20: No | D20: 2 | F20: =VLOOKUP(G20, SeanRanks!$A$2:$E$302, 4, FALSE) -> 0 | G20: Jahmyr Gibbs | H20: =VLOOKUP($G20, 'ADP Data'!$C$4:$Q$300, 2, FALSE) -> DET | I20: =VLOOKUP(G20, 'ADP Data'!$C$4:$R$498, 12, FALSE) -> 4 | J20: =VLOOKUP($G20, SeanRanks!$A$2:$H$303, 5, FALSE) -> 0 | K20: =IF(VLOOKUP($G20, SeanRanks!$A$2:$H$303, 6, FALSE)=0, "", VLOOKUP($G20, SeanRanks!$A$2:$H$303, 6, FALSE)) -> RB1 - 1 - Elite floor/ceiling | L20: =IFERROR(INT(M20/8)+1, 16) -> 1 | M20: =VLOOKUP($G20, 'ADP Data'!$C$4:$Q$300, 9, FALSE) -> 4 | N20: =M20-V20 -> 0 | O20: =VLOOKUP($G20, 'ADP Data'!$C$4:$Q$300, 3, FALSE) -> 4 | P20: =M20-O20 -> 0 | Q20: =VLOOKUP($G20, 'ADP Data'!$C$4:$Q$300, 4, FALSE) -> 5 | R20: =VLOOKUP($G20, 'ADP Data'!$C$4:$Q$300, 5, FALSE) -> 4 | S20: =VLOOKUP($G20, 'ADP Data'!$C$4:$Q$300, 6, FALSE) -> 3 | T20: =VLOOKUP($G20, 'ADP Data'!$C$4:$Q$300, 7, FALSE) -> 3 | U20: =VLOOKUP($G20, 'ADP Data'!$C$4:$Q$300, 8, FALSE) -> 6 | V20: =INT(AVERAGE(M20, O20,Q20:U20)) -> 4 | W20: =IFERROR(INT(V20/8)+1, 16) -> 1 | X20: =D20-W20 -> 1 | Y20: =VLOOKUP($G20, SeanRanks!$A$2:$K$303, 10, FALSE)-V20 -> 0 | Z20: =IF(VLOOKUP($G20, SeanRanks!$A$2:$H$303, 7, FALSE)=0, "", VLOOKUP($G20, SeanRanks!$A$2:$H$303, 7, FALSE)) -> 3
B21: =IFERROR(INT(AVERAGE(Q21:U21)/12)+1, INT(AVERAGE(M21)/12)+1) -> 4 | C21: No | D21: 2 | F21: =VLOOKUP(G21, SeanRanks!$A$2:$E$302, 4, FALSE) -> 0 | G21: Marvin Harrison Jr. | H21: =VLOOKUP($G21, 'ADP Data'!$C$4:$Q$300, 2, FALSE) -> ARI | I21: =VLOOKUP(G21, 'ADP Data'!$C$4:$R$498, 12, FALSE) -> 37 | J21: =VLOOKUP($G21, SeanRanks!$A$2:$H$303, 5, FALSE) -> Yes | K21: =IF(VLOOKUP($G21, SeanRanks!$A$2:$H$303, 6, FALSE)=0, "", VLOOKUP($G21, SeanRanks!$A$2:$H$303, 6, FALSE)) -> WR2 - 1 - WR1 upside | L21: =IFERROR(INT(M21/8)+1, 16) -> 5 | M21: =VLOOKUP($G21, 'ADP Data'!$C$4:$Q$300, 9, FALSE) -> 36 | N21: =M21-V21 -> -4 | O21: =VLOOKUP($G21, 'ADP Data'!$C$4:$Q$300, 3, FALSE) -> 46 | P21: =M21-O21 -> -10 | Q21: =VLOOKUP($G21, 'ADP Data'!$C$4:$Q$300, 4, FALSE) -> 44 | R21: =VLOOKUP($G21, 'ADP Data'!$C$4:$Q$300, 5, FALSE) -> 39 | S21: =VLOOKUP($G21, 'ADP Data'!$C$4:$Q$300, 6, FALSE) -> 41 | T21: =VLOOKUP($G21, 'ADP Data'!$C$4:$Q$300, 7, FALSE) -> 34 | U21: =VLOOKUP($G21, 'ADP Data'!$C$4:$Q$300, 8, FALSE) -> 41 | V21: =INT(AVERAGE(M21, O21,Q21:U21)) -> 40 | W21: =IFERROR(INT(V21/8)+1, 16) -> 6 | X21: =D21-W21 -> -4 | Y21: =VLOOKUP($G21, SeanRanks!$A$2:$K$303, 10, FALSE)-V21 -> -3 | Z21: =IF(VLOOKUP($G21, SeanRanks!$A$2:$H$303, 7, FALSE)=0, "", VLOOKUP($G21, SeanRanks!$A$2:$H$303, 7, FALSE)) -> 14
A22: Yes | B22: =IFERROR(INT(AVERAGE(Q22:U22)/12)+1, INT(AVERAGE(M22)/12)+1) -> 3 | C22: No | D22: 2 | F22: =VLOOKUP(G22, SeanRanks!$A$2:$E$302, 4, FALSE) -> 0 | G22: Kyren Williams | H22: =VLOOKUP($G22, 'ADP Data'!$C$4:$Q$300, 2, FALSE) -> LAR | I22: =VLOOKUP(G22, 'ADP Data'!$C$4:$R$498, 12, FALSE) -> 31 | J22: =VLOOKUP($G22, SeanRanks!$A$2:$H$303, 5, FALSE) -> 0 | K22: =IF(VLOOKUP($G22, SeanRanks!$A$2:$H$303, 6, FALSE)=0, "", VLOOKUP($G22, SeanRanks!$A$2:$H$303, 6, FALSE)) -> RB1 - 2 - Elite ceiling/questions | L22: =IFERROR(INT(M22/8)+1, 16) -> 4 | M22: =VLOOKUP($G22, 'ADP Data'!$C$4:$Q$300, 9, FALSE) -> 25 | N22: =M22-V22 -> 0 | O22: =VLOOKUP($G22, 'ADP Data'!$C$4:$Q$300, 3, FALSE) -> 18 | P22: =M22-O22 -> 7 | Q22: =VLOOKUP($G22, 'ADP Data'!$C$4:$Q$300, 4, FALSE) -> 29 | R22: =VLOOKUP($G22, 'ADP Data'!$C$4:$Q$300, 5, FALSE) -> 30 | S22: =VLOOKUP($G22, 'ADP Data'!$C$4:$Q$300, 6, FALSE) -> 26 | T22: =VLOOKUP($G22, 'ADP Data'!$C$4:$Q$300, 7, FALSE) -> 27 | U22: =VLOOKUP($G22, 'ADP Data'!$C$4:$Q$300, 8, FALSE) -> 25 | V22: =INT(AVERAGE(M22, O22,Q22:U22)) -> 25 | W22: =IFERROR(INT(V22/8)+1, 16) -> 4 | X22: =D22-W22 -> -2 | Y22: =VLOOKUP($G22, SeanRanks!$A$2:$K$303, 10, FALSE)-V22 -> 2 | Z22: =IF(VLOOKUP($G22, SeanRanks!$A$2:$H$303, 7, FALSE)=0, "", VLOOKUP($G22, SeanRanks!$A$2:$H$303, 7, FALSE)) -> 11
B23: =IFERROR(INT(AVERAGE(Q23:U23)/12)+1, INT(AVERAGE(M23)/12)+1) -> 2 | C23: No | D23: 2 | F23: =VLOOKUP(G23, SeanRanks!$A$2:$E$302, 4, FALSE) -> 0 | G23: Derrick Henry | H23: =VLOOKUP($G23, 'ADP Data'!$C$4:$Q$300, 2, FALSE) -> BAL | I23: =VLOOKUP(G23, 'ADP Data'!$C$4:$R$498, 12, FALSE) -> 15 | J23: =VLOOKUP($G23, SeanRanks!$A$2:$H$303, 5, FALSE) -> 0 | K23: =IF(VLOOKUP($G23, SeanRanks!$A$2:$H$303, 6, FALSE)=0, "", VLOOKUP($G23, SeanRanks!$A$2:$H$303, 6, FALSE)) -> RB1 - 2 - Elite ceiling/questions | L23: =IFERROR(INT(M23/8)+1, 16) -> 1 | M23: =VLOOKUP($G23, 'ADP Data'!$C$4:$Q$300, 9, FALSE) -> 7 | N23: =M23-V23 -> -3 | O23: =VLOOKUP($G23, 'ADP Data'!$C$4:$Q$300, 3, FALSE) -> 7 | P23: =M23-O23 -> 0 | Q23: =VLOOKUP($G23, 'ADP Data'!$C$4:$Q$300, 4, FALSE) -> 12 | R23: =VLOOKUP($G23, 'ADP Data'!$C$4:$Q$300, 5, FALSE) -> 13 | S23: =VLOOKUP($G23, 'ADP Data'!$C$4:$Q$300, 6, FALSE) -> 14 | T23: =VLOOKUP($G23, 'ADP Data'!$C$4:$Q$300, 7, FALSE) -> 13 | U23: =VLOOKUP($G23, 'ADP Data'!$C$4:$Q$300, 8, FALSE) -> 10 | V23: =INT(AVERAGE(M23, O23,Q23:U23)) -> 10 | W23: =IFERROR(INT(V23/8)+1, 16) -> 2 | X23: =D23-W23 -> 0 | Y23: =VLOOKUP($G23, SeanRanks!$A$2:$K$303, 10, FALSE)-V23 -> 1 | Z23: =IF(VLOOKUP($G23, SeanRanks!$A$2:$H$303, 7, FALSE)=0, "", VLOOKUP($G23, SeanRanks!$A$2:$H$303, 7, FALSE)) -> 8
B24: =IFERROR(INT(AVERAGE(Q24:U24)/12)+1, INT(AVERAGE(M24)/12)+1) -> 7 | C24: No | F24: =VLOOKUP(G24, SeanRanks!$A$2:$E$302, 4, FALSE) -> 0 | G24: Chris Olave | H24: =VLOOKUP($G24, 'ADP Data'!$C$4:$Q$300, 2, FALSE) -> NO | I24: =VLOOKUP(G24, 'ADP Data'!$C$4:$R$498, 12, FALSE) -> 71 | J24: =VLOOKUP($G24, SeanRanks!$A$2:$H$303, 5, FALSE) -> 0 | K24: =IF(VLOOKUP($G24, SeanRanks!$A$2:$H$303, 6, FALSE)=0, "", VLOOKUP($G24, SeanRanks!$A$2:$H$303, 6, FALSE)) -> WR3 - 2 - mid, but path to big upside | L24: =IFERROR(INT(M24/8)+1, 16) -> 10 | M24: =VLOOKUP($G24, 'ADP Data'!$C$4:$Q$300, 9, FALSE) -> 73 | N24: =M24-V24 -> -9 | O24: =VLOOKUP($G24, 'ADP Data'!$C$4:$Q$300, 3, FALSE) -> 101 | P24: =M24-O24 -> -28 | Q24: =VLOOKUP($G24, 'ADP Data'!$C$4:$Q$300, 4, FALSE) -> 84 | R24: =VLOOKUP($G24, 'ADP Data'!$C$4:$Q$300, 5, FALSE) -> 78 | S24: =VLOOKUP($G24, 'ADP Data'!$C$4:$Q$300, 6, FALSE) -> 82 | T24: =VLOOKUP($G24, 'ADP Data'!$C$4:$Q$300, 7, FALSE) -> 72 | U24: =VLOOKUP($G24, 'ADP Data'!$C$4:$Q$300, 8, FALSE) -> 87 | V24: =INT(AVERAGE(M24, O24,Q24:U24)) -> 82 | W24: =IFERROR(INT(V24/8)+1, 16) -> 11 | X24: =D24-W24 -> -11 | Y24: =VLOOKUP($G24, SeanRanks!$A$2:$K$303, 10, FALSE)-V24 -> -16 | Z24: =IF(VLOOKUP($G24, SeanRanks!$A$2:$H$303, 7, FALSE)=0, "", VLOOKUP($G24, SeanRanks!$A$2:$H$303, 7, FALSE)) -> 32
B25: =IFERROR(INT(AVERAGE(Q25:U25)/12)+1, INT(AVERAGE(M25)/12)+1) -> 6 | C25: No | D25: 2 | F25: =VLOOKUP(G25, SeanRanks!$A$2:$E$302, 4, FALSE) -> 0 | G25: Isiah Pacheco | H25: =VLOOKUP($G25, 'ADP Data'!$C$4:$Q$300, 2, FALSE) -> KC | I25: =VLOOKUP(G25, 'ADP Data'!$C$4:$R$498, 12, FALSE) -> 68 | J25: =VLOOKUP($G25, SeanRanks!$A$2:$H$303, 5, FALSE) -> 0 | K25: =IF(VLOOKUP($G25, SeanRanks!$A$2:$H$303, 6, FALSE)=0, "", VLOOKUP($G25, SeanRanks!$A$2:$H$303, 6, FALSE)) -> RB2 - 2 - Path to spikes | L25: =IFERROR(INT(M25/8)+1, 16) -> 8 | M25: =VLOOKUP($G25, 'ADP Data'!$C$4:$Q$300, 9, FALSE) -> 61 | N25: =M25-V25 -> -4 | O25: =VLOOKUP($G25, 'ADP Data'!$C$4:$Q$300, 3, FALSE) -> 66 | P25: =M25-O25 -> -5 | Q25: =VLOOKUP($G25, 'ADP Data'!$C$4:$Q$300, 4, FALSE) -> 63 | R25: =VLOOKUP($G25, 'ADP Data'!$C$4:$Q$300, 5, FALSE) -> 77 | S25: =VLOOKUP($G25, 'ADP Data'!$C$4:$Q$300, 6, FALSE) -> 62 | T25: =VLOOKUP($G25, 'ADP Data'!$C$4:$Q$300, 7, FALSE) -> 67 | U25: =VLOOKUP($G25, 'ADP Data'!$C$4:$Q$300, 8, FALSE) -> 59 | V25: =INT(AVERAGE(M25, O25,Q25:U25)) -> 65 | W25: =IFERROR(INT(V25/8)+1, 16) -> 9 | X25: =D25-W25 -> -7 | Y25: =VLOOKUP($G25, SeanRanks!$A$2:$K$303, 10, FALSE)-V25 -> 0 | Z25: =IF(VLOOKUP($G25, SeanRanks!$A$2:$H$303, 7, FALSE)=0, "", VLOOKUP($G25, SeanRanks!$A$2:$H$303, 7, FALSE)) -> 23
B26: =IFERROR(INT(AVERAGE(Q26:U26)/12)+1, INT(AVERAGE(M26)/12)+1) -> 4 | C26: No | D26: 2 | F26: =VLOOKUP(G26, SeanRanks!$A$2:$E$302, 4, FALSE) -> 0 | G26: Davante Adams | H26: =VLOOKUP($G26, 'ADP Data'!$C$4:$Q$300, 2, FALSE) -> LAR | I26: =VLOOKUP(G26, 'ADP Data'!$C$4:$R$498, 12, FALSE) -> 41 | J26: =VLOOKUP($G26, SeanRanks!$A$2:$H$303, 5, FALSE) -> 0 | K26: =IF(VLOOKUP($G26, SeanRanks!$A$2:$H$303, 6, FALSE)=0, "", VLOOKUP($G26, SeanRanks!$A$2:$H$303, 6, FALSE)) -> WR2 - 2 - Upside with risk | L26: =IFERROR(INT(M26/8)+1, 16) -> 6 | M26: =VLOOKUP($G26, 'ADP Data'!$C$4:$Q$300, 9, FALSE) -> 44 | N26: =M26-V26 -> 3 | O26: =VLOOKUP($G26, 'ADP Data'!$C$4:$Q$300, 3, FALSE) -> 34 | P26: =M26-O26 -> 10 | Q26: =VLOOKUP($G26, 'ADP Data'!$C$4:$Q$300, 4, FALSE) -> 34 | R26: =VLOOKUP($G26, 'ADP Data'!$C$4:$Q$300, 5, FALSE) -> 47 | S26: =VLOOKUP($G26, 'ADP Data'!$C$4:$Q$300, 6, FALSE) -> 43 | T26: =VLOOKUP($G26, 'ADP Data'!$C$4:$Q$300, 7, FALSE) -> 37 | U26: =VLOOKUP($G26, 'ADP Data'!$C$4:$Q$300, 8, FALSE) -> 48 | V26: =INT(AVERAGE(M26, O26,Q26:U26)) -> 41 | W26: =IFERROR(INT(V26/8)+1, 16) -> 6 | X26: =D26-W26 -> -4 | Y26: =VLOOKUP($G26, SeanRanks!$A$2:$K$303, 10, FALSE)-V26 -> 2 | Z26: =IF(VLOOKUP($G26, SeanRanks!$A$2:$H$303, 7, FALSE)=0, "", VLOOKUP($G26, SeanRanks!$A$2:$H$303, 7, FALSE)) -> 19
B27: =IFERROR(INT(AVERAGE(Q27:U27)/12)+1, INT(AVERAGE(M27)/12)+1) -> 9 | C27: No | D27: 2 | F27: =VLOOKUP(G27, SeanRanks!$A$2:$E$302, 4, FALSE) -> 0 | G27: Travis Etienne | H27: =VLOOKUP($G27, 'ADP Data'!$C$4:$Q$300, 2, FALSE) -> JAX | I27: =VLOOKUP(G27, 'ADP Data'!$C$4:$R$498, 12, FALSE) -> 101 | J27: =VLOOKUP($G27, SeanRanks!$A$2:$H$303, 5, FALSE) -> 0 | K27: =IF(VLOOKUP($G27, SeanRanks!$A$2:$H$303, 6, FALSE)=0, "", VLOOKUP($G27, SeanRanks!$A$2:$H$303, 6, FALSE)) -> RB3 - 2 - low ceiling | L27: =IFERROR(INT(M27/8)+1, 16) -> 11 | M27: =VLOOKUP($G27, 'ADP Data'!$C$4:$Q$300, 9, FALSE) -> 85 | N27: =M27-V27 -> -14 | O27: =VLOOKUP($G27, 'ADP Data'!$C$4:$Q$300, 3, FALSE) -> 90 | P27: =M27-O27 -> -5 | Q27: =VLOOKUP($G27, 'ADP Data'!$C$4:$Q$300, 4, FALSE) -> 116 | R27: =VLOOKUP($G27, 'ADP Data'!$C$4:$Q$300, 5, FALSE) -> 102 | S27: =VLOOKUP($G27, 'ADP Data'!$C$4:$Q$300, 6, FALSE) -> 94 | T27: =VLOOKUP($G27, 'ADP Data'!$C$4:$Q$300, 7, FALSE) -> 90 | U27: =VLOOKUP($G27, 'ADP Data'!$C$4:$Q$300, 8, FALSE) -> 121 | V27: =INT(AVERAGE(M27, O27,Q27:U27)) -> 99 | W27: =IFERROR(INT(V27/8)+1, 16) -> 13 | X27: =D27-W27 -> -11 | Y27: =VLOOKUP($G27, SeanRanks!$A$2:$K$303, 10, FALSE)-V27 -> -3 | Z27: =IF(VLOOKUP($G27, SeanRanks!$A$2:$H$303, 7, FALSE)=0, "", VLOOKUP($G27, SeanRanks!$A$2:$H$303, 7, FALSE)) -> 33
A28: Yes | B28: =IFERROR(INT(AVERAGE(Q28:U28)/12)+1, INT(AVERAGE(M28)/12)+1) -> 2 | C28: No | F28: =VLOOKUP(G28, SeanRanks!$A$2:$E$302, 4, FALSE) -> 0 | G28: Drake London | H28: =VLOOKUP($G28, 'ADP Data'!$C$4:$Q$300, 2, FALSE) -> ATL | I28: =VLOOKUP(G28, 'ADP Data'!$C$4:$R$498, 12, FALSE) -> 14 | J28: =VLOOKUP($G28, SeanRanks!$A$2:$H$303, 5, FALSE) -> 0 | K28: =IF(VLOOKUP($G28, SeanRanks!$A$2:$H$303, 6, FALSE)=0, "", VLOOKUP($G28, SeanRanks!$A$2:$H$303, 6, FALSE)) -> WR1 - 2 - High Floor | L28: =IFERROR(INT(M28/8)+1, 16) -> 3 | M28: =VLOOKUP($G28, 'ADP Data'!$C$4:$Q$300, 9, FALSE) -> 17 | N28: =M28-V28 -> -1 | O28: =VLOOKUP($G28, 'ADP Data'!$C$4:$Q$300, 3, FALSE) -> 23 | P28: =M28-O28 -> -6 | Q28: =VLOOKUP($G28, 'ADP Data'!$C$4:$Q$300, 4, FALSE) -> 21 | R28: =VLOOKUP($G28, 'ADP Data'!$C$4:$Q$300, 5, FALSE) -> 16 | S28: =VLOOKUP($G28, 'ADP Data'!$C$4:$Q$300, 6, FALSE) -> 19 | T28: =VLOOKUP($G28, 'ADP Data'!$C$4:$Q$300, 7, FALSE) -> 15 | U28: =VLOOKUP($G28, 'ADP Data'!$C$4:$Q$300, 8, FALSE) -> 20 | V28: =INT(AVERAGE(M28, O28,Q28:U28)) -> 18 | W28: =IFERROR(INT(V28/8)+1, 16) -> 3 | X28: =D28-W28 -> -3 | Y28: =VLOOKUP($G28, SeanRanks!$A$2:$K$303, 10, FALSE)-V28 -> -6 | Z28: =IF(VLOOKUP($G28, SeanRanks!$A$2:$H$303, 7, FALSE)=0, "", VLOOKUP($G28, SeanRanks!$A$2:$H$303, 7, FALSE)) -> 7
B29: =IFERROR(INT(AVERAGE(Q29:U29)/12)+1, INT(AVERAGE(M29)/12)+1) -> 2 | C29: No | F29: =VLOOKUP(G29, SeanRanks!$A$2:$E$302, 4, FALSE) -> 0 | G29: De'Von Achane | H29: =VLOOKUP($G29, 'ADP Data'!$C$4:$Q$300, 2, FALSE) -> MIA | I29: =VLOOKUP(G29, 'ADP Data'!$C$4:$R$498, 12, FALSE) -> 18 | J29: =VLOOKUP($G29, SeanRanks!$A$2:$H$303, 5, FALSE) -> 0 | K29: =IF(VLOOKUP($G29, SeanRanks!$A$2:$H$303, 6, FALSE)=0, "", VLOOKUP($G29, SeanRanks!$A$2:$H$303, 6, FALSE)) -> RB1 - 2 - Elite ceiling/questions | L29: =IFERROR(INT(M29/8)+1, 16) -> 2 | M29: =VLOOKUP($G29, 'ADP Data'!$C$4:$Q$300, 9, FALSE) -> 14 | N29: =M29-V29 -> -1 | O29: =VLOOKUP($G29, 'ADP Data'!$C$4:$Q$300, 3, FALSE) -> 16 | P29: =M29-O29 -> -2 | Q29: =VLOOKUP($G29, 'ADP Data'!$C$4:$Q$300, 4, FALSE) -> 14 | R29: =VLOOKUP($G29, 'ADP Data'!$C$4:$Q$300, 5, FALSE) -> 15 | S29: =VLOOKUP($G29, 'ADP Data'!$C$4:$Q$300, 6, FALSE) -> 18 | T29: =VLOOKUP($G29, 'ADP Data'!$C$4:$Q$300, 7, FALSE) -> 16 | U29: =VLOOKUP($G29, 'ADP Data'!$C$4:$Q$300, 8, FALSE) -> 14 | V29: =INT(AVERAGE(M29, O29,Q29:U29)) -> 15 | W29: =IFERROR(INT(V29/8)+1, 16) -> 2 | X29: =D29-W29 -> -2 | Y29: =VLOOKUP($G29, SeanRanks!$A$2:$K$303, 10, FALSE)-V29 -> 5 | Z29: =IF(VLOOKUP($G29, SeanRanks!$A$2:$H$303, 7, FALSE)=0, "", VLOOKUP($G29, SeanRanks!$A$2:$H$303, 7, FALSE)) -> 6
A30: Yes | B30: =IFERROR(INT(AVERAGE(Q30:U30)/12)+1, INT(AVERAGE(M30)/12)+1) -> 6 | C30: No | D30: 3 | F30: =VLOOKUP(G30, SeanRanks!$A$2:$E$302, 4, FALSE) -> 0 | G30: Travis Kelce | H30: =VLOOKUP($G30, 'ADP Data'!$C$4:$Q$300, 2, FALSE) -> KC | I30: =VLOOKUP(G30, 'ADP Data'!$C$4:$R$498, 12, FALSE) -> 79 | J30: =VLOOKUP($G30, SeanRanks!$A$2:$H$303, 5, FALSE) -> No | K30: =IF(VLOOKUP($G30, SeanRanks!$A$2:$H$303, 6, FALSE)=0, "", VLOOKUP($G30, SeanRanks!$A$2:$H$303, 6, FALSE)) -> TE1 - 3 - Weekly Start | L30: =IFERROR(INT(M30/8)+1, 16) -> 9 | M30: =VLOOKUP($G30, 'ADP Data'!$C$4:$Q$300, 9, FALSE) -> 67 | N30: =M30-V30 -> -1 | O30: =VLOOKUP($G30, 'ADP Data'!$C$4:$Q$300, 3, FALSE) -> 61 | P30: =M30-O30 -> 6 | Q30: =VLOOKUP($G30, 'ADP Data'!$C$4:$Q$300, 4, FALSE) -> 57 | R30: =VLOOKUP($G30, 'ADP Data'!$C$4:$Q$300, 5, FALSE) -> 88 | S30: =VLOOKUP($G30, 'ADP Data'!$C$4:$Q$300, 6, FALSE) -> 63 | T30: =VLOOKUP($G30, 'ADP Data'!$C$4:$Q$300, 7, FALSE) -> 82 | U30: =VLOOKUP($G30, 'ADP Data'!$C$4:$Q$300, 8, FALSE) -> 58 | V30: =INT(AVERAGE(M30, O30,Q30:U30)) -> 68 | W30: =IFERROR(INT(V30/8)+1, 16) -> 9 | X30: =D30-W30 -> -6 | Y30: =VLOOKUP($G30, SeanRanks!$A$2:$K$303, 10, FALSE)-V30 -> 14 | Z30: =IF(VLOOKUP($G30, SeanRanks!$A$2:$H$303, 7, FALSE)=0, "", VLOOKUP($G30, SeanRanks!$A$2:$H$303, 7, FALSE)) -> 9
B31: =IFERROR(INT(AVERAGE(Q31:U31)/12)+1, INT(AVERAGE(M31)/12)+1) -> 8 | C31: No | D31: 2 | F31: =VLOOKUP(G31, SeanRanks!$A$2:$E$302, 4, FALSE) -> 0 | G31: Deebo Samuel | H31: =VLOOKUP($G31, 'ADP Data'!$C$4:$Q$300, 2, FALSE) -> WAS | I31: =VLOOKUP(G31, 'ADP Data'!$C$4:$R$498, 12, FALSE) -> 69 | J31: =VLOOKUP($G31, SeanRanks!$A$2:$H$303, 5, FALSE) -> Yes | K31: =IF(VLOOKUP($G31, SeanRanks!$A$2:$H$303, 6, FALSE)=0, "", VLOOKUP($G31, SeanRanks!$A$2:$H$303, 6, FALSE)) -> WR4 - 1 - path to WR2 | L31: =IFERROR(INT(M31/8)+1, 16) -> 11 | M31: =VLOOKUP($G31, 'ADP Data'!$C$4:$Q$300, 9, FALSE) -> 84 | N31: =M31-V31 -> 0 | O31: =VLOOKUP($G31, 'ADP Data'!$C$4:$Q$300, 3, FALSE) -> 75 | P31: =M31-O31 -> 9 | Q31: =VLOOKUP($G31, 'ADP Data'!$C$4:$Q$300, 4, FALSE) -> 95 | R31: =VLOOKUP($G31, 'ADP Data'!$C$4:$Q$300, 5, FALSE) -> 83 | S31: =VLOOKUP($G31, 'ADP Data'!$C$4:$Q$300, 6, FALSE) -> 83 | T31: =VLOOKUP($G31, 'ADP Data'!$C$4:$Q$300, 7, FALSE) -> 75 | U31: =VLOOKUP($G31, 'ADP Data'!$C$4:$Q$300, 8, FALSE) -> 96 | V31: =INT(AVERAGE(M31, O31,Q31:U31)) -> 84 | W31: =IFERROR(INT(V31/8)+1, 16) -> 11 | X31: =D31-W31 -> -9 | Y31: =VLOOKUP($G31, SeanRanks!$A$2:$K$303, 10, FALSE)-V31 -> 10 | Z31: =IF(VLOOKUP($G31, SeanRanks!$A$2:$H$303, 7, FALSE)=0, "", VLOOKUP($G31, SeanRanks!$A$2:$H$303, 7, FALSE)) -> 41
B32: =IFERROR(INT(AVERAGE(Q32:U32)/12)+1, INT(AVERAGE(M32)/12)+1) -> 2 | C32: No | D32: 4 | F32: =VLOOKUP(G32, SeanRanks!$A$2:$E$302, 4, FALSE) -> 0 | G32: Josh Allen | H32: =VLOOKUP($G32, 'ADP Data'!$C$4:$Q$300, 2, FALSE) -> BUF | I32: =VLOOKUP(G32, 'ADP Data'!$C$4:$R$498, 12, FALSE) -> 26 | J32: =VLOOKUP($G32, SeanRanks!$A$2:$H$303, 5, FALSE) -> 0 | K32: =IF(VLOOKUP($G32, SeanRanks!$A$2:$H$303, 6, FALSE)=0, "", VLOOKUP($G32, SeanRanks!$A$2:$H$303, 6, FALSE)) -> QB1 - 1 - Elite | L32: =IFERROR(INT(M32/8)+1, 16) -> 3 | M32: =VLOOKUP($G32, 'ADP Data'!$C$4:$Q$300, 9, FALSE) -> 21 | N32: =M32-V32 -> -1 | O32: =VLOOKUP($G32, 'ADP Data'!$C$4:$Q$300, 3, FALSE) -> 15 | P32: =M32-O32 -> 6 | Q32: =VLOOKUP($G32, 'ADP Data'!$C$4:$Q$300, 4, FALSE) -> 19 | R32: =VLOOKUP($G32, 'ADP Data'!$C$4:$Q$300, 5, FALSE) -> 27 | S32: =VLOOKUP($G32, 'ADP Data'!$C$4:$Q$300, 6, FALSE) -> 27 | T32: =VLOOKUP($G32, 'ADP Data'!$C$4:$Q$300, 7, FALSE) -> 25 | U32: =VLOOKUP($G32, 'ADP Data'!$C$4:$Q$300, 8, FALSE) -> 21 | V32: =INT(AVERAGE(M32, O32,Q32:U32)) -> 22 | W32: =IFERROR(INT(V32/8)+1, 16) -> 3 | X32: =D32-W32 -> 1 | Y32: =VLOOKUP($G32, SeanRanks!$A$2:$K$303, 10, FALSE)-V32 -> 6 | Z32: =IF(VLOOKUP($G32, SeanRanks!$A$2:$H$303, 7, FALSE)=0, "", VLOOKUP($G32, SeanRanks!$A$2:$H$303, 7, FALSE)) -> 2
B33: =IFERROR(INT(AVERAGE(Q33:U33)/12)+1, INT(AVERAGE(M33)/12)+1) -> 4 | C33: No | D33: 2 | F33: =VLOOKUP(G33, SeanRanks!$A$2:$E$302, 4, FALSE) -> 0 | G33: Mike Evans | H33: =VLOOKUP($G33, 'ADP Data'!$C$4:$Q$300, 2, FALSE) -> TB | I33: =VLOOKUP(G33, 'ADP Data'!$C$4:$R$498, 12, FALSE) -> 32 | J33: =VLOOKUP($G33, SeanRanks!$A$2:$H$303, 5, FALSE) -> 0 | K33: =IF(VLOOKUP($G33, SeanRanks!$A$2:$H$303, 6, FALSE)=0, "", VLOOKUP($G33, SeanRanks!$A$2:$H$303, 6, FALSE)) -> WR2 - 1 - WR1 upside | L33: =IFERROR(INT(M33/8)+1, 16) -> 5 | M33: =VLOOKUP($G33, 'ADP Data'!$C$4:$Q$300, 9, FALSE) -> 39 | N33: =M33-V33 -> 1 | O33: =VLOOKUP($G33, 'ADP Data'!$C$4:$Q$300, 3, FALSE) -> 36 | P33: =M33-O33 -> 3 | Q33: =VLOOKUP($G33, 'ADP Data'!$C$4:$Q$300, 4, FALSE) -> 43 | R33: =VLOOKUP($G33, 'ADP Data'!$C$4:$Q$300, 5, FALSE) -> 44 | S33: =VLOOKUP($G33, 'ADP Data'!$C$4:$Q$300, 6, FALSE) -> 38 | T33: =VLOOKUP($G33, 'ADP Data'!$C$4:$Q$300, 7, FALSE) -> 38 | U33: =VLOOKUP($G33, 'ADP Data'!$C$4:$Q$300, 8, FALSE) -> 32 | V33: =INT(AVERAGE(M33, O33,Q33:U33)) -> 38 | W33: =IFERROR(INT(V33/8)+1, 16) -> 5 | X33: =D33-W33 -> -3 | Y33: =VLOOKUP($G33, SeanRanks!$A$2:$K$303, 10, FALSE)-V33 -> -6 | Z33: =IF(VLOOKUP($G33, SeanRanks!$A$2:$H$303, 7, FALSE)=0, "", VLOOKUP($G33, SeanRanks!$A$2:$H$303, 7, FALSE)) -> 15
B34: =IFERROR(INT(AVERAGE(Q34:U34)/12)+1, INT(AVERAGE(M34)/12)+1) -> 5 | C34: No | D34: 4 | F34: =VLOOKUP(G34, SeanRanks!$A$2:$E$302, 4, FALSE) -> 0 | G34: Patrick Mahomes | H34: =VLOOKUP($G34, 'ADP Data'!$C$4:$Q$300, 2, FALSE) -> KC | I34: =VLOOKUP(G34, 'ADP Data'!$C$4:$R$498, 12, FALSE) -> 76 | J34: =VLOOKUP($G34, SeanRanks!$A$2:$H$303, 5, FALSE) -> 0 | K34: =IF(VLOOKUP($G34, SeanRanks!$A$2:$H$303, 6, FALSE)=0, "", VLOOKUP($G34, SeanRanks!$A$2:$H$303, 6, FALSE)) -> QB1 - 4 - Weekly Start | L34: =IFERROR(INT(M34/8)+1, 16) -> 8 | M34: =VLOOKUP($G34, 'ADP Data'!$C$4:$Q$300, 9, FALSE) -> 57 | N34: =M34-V34 -> 1 | O34: =VLOOKUP($G34, 'ADP Data'!$C$4:$Q$300, 3, FALSE) -> 47 | P34: =M34-O34 -> 10 | Q34: =VLOOKUP($G34, 'ADP Data'!$C$4:$Q$300, 4, FALSE) -> 42 | R34: =VLOOKUP($G34, 'ADP Data'!$C$4:$Q$300, 5, FALSE) -> 69 | S34: =VLOOKUP($G34, 'ADP Data'!$C$4:$Q$300, 6, FALSE) -> 73 | T34: =VLOOKUP($G34, 'ADP Data'!$C$4:$Q$300, 7, FALSE) -> 66 | U34: =VLOOKUP($G34, 'ADP Data'!$C$4:$Q$300, 8, FALSE) -> 42 | V34: =INT(AVERAGE(M34, O34,Q34:U34)) -> 56 | W34: =IFERROR(INT(V34/8)+1, 16) -> 8 | X34: =D34-W34 -> -4 | Y34: =VLOOKUP($G34, SeanRanks!$A$2:$K$303, 10, FALSE)-V34 -> 20 | Z34: =IF(VLOOKUP($G34, SeanRanks!$A$2:$H$303, 7, FALSE)=0, "", VLOOKUP($G34, SeanRanks!$A$2:$H$303, 7, FALSE)) -> 9
B35: =IFERROR(INT(AVERAGE(Q35:U35)/12)+1, INT(AVERAGE(M35)/12)+1) -> 13 | C35: No | D35: 2 | F35: =VLOOKUP(G35, SeanRanks!$A$2:$E$302, 4, FALSE) -> 0 | G35: Brandon Aiyuk | H35: =VLOOKUP($G35, 'ADP Data'!$C$4:$Q$300, 2, FALSE) -> SF | I35: =VLOOKUP(G35, 'ADP Data'!$C$4:$R$498, 12, FALSE) -> 152 | J35: =VLOOKUP($G35, SeanRanks!$A$2:$H$303, 5, FALSE) -> Yes | K35: =IF(VLOOKUP($G35, SeanRanks!$A$2:$H$303, 6, FALSE)=0, "", VLOOKUP($G35, SeanRanks!$A$2:$H$303, 6, FALSE)) -> WR5 - 1 - upside path | L35: =IFERROR(INT(M35/8)+1, 16) -> 15 | M35: =VLOOKUP($G35, 'ADP Data'!$C$4:$Q$300, 9, FALSE) -> 115 | N35: =M35-V35 -> -33 | O35: =VLOOKUP($G35, 'ADP Data'!$C$4:$Q$300, 3, FALSE) -> 162 | P35: =M35-O35 -> -47 | Q35: =VLOOKUP($G35, 'ADP Data'!$C$4:$Q$300, 4, FALSE) -> 169 | R35: =VLOOKUP($G35, 'ADP Data'!$C$4:$Q$300, 5, FALSE) -> 165 | S35: =VLOOKUP($G35, 'ADP Data'!$C$4:$Q$300, 6, FALSE) -> 154 | T35: =VLOOKUP($G35, 'ADP Data'!$C$4:$Q$300, 7, FALSE) -> 148 | U35: =VLOOKUP($G35, 'ADP Data'!$C$4:$Q$300, 8, FALSE) -> 127 | V35: =INT(AVERAGE(M35, O35,Q35:U35)) -> 148 | W35: =IFERROR(INT(V35/8)+1, 16) -> 19 | X35: =D35-W35 -> -17 | Y35: =VLOOKUP($G35, SeanRanks!$A$2:$K$303, 10, FALSE)-V35 -> -7 | Z35: =IF(VLOOKUP($G35, SeanRanks!$A$2:$H$303, 7, FALSE)=0, "", VLOOKUP($G35, SeanRanks!$A$2:$H$303, 7, FALSE)) -> 48
B36: =IFERROR(INT(AVERAGE(Q36:U36)/12)+1, INT(AVERAGE(M36)/12)+1) -> 5 | C36: No | F36: =VLOOKUP(G36, SeanRanks!$A$2:$E$302, 4, FALSE) -> 0 | G36: Sam LaPorta | H36: =VLOOKUP($G36, 'ADP Data'!$C$4:$Q$300, 2, FALSE) -> DET | I36: =VLOOKUP(G36, 'ADP Data'!$C$4:$R$498, 12, FALSE) -> 73 | J36: =VLOOKUP($G36, SeanRanks!$A$2:$H$303, 5, FALSE) -> 0 | K36: =IF(VLOOKUP($G36, SeanRanks!$A$2:$H$303, 6, FALSE)=0, "", VLOOKUP($G36, SeanRanks!$A$2:$H$303, 6, FALSE)) -> TE1 - 2 - Very Good | L36: =IFERROR(INT(M36/8)+1, 16) -> 7 | M36: =VLOOKUP($G36, 'ADP Data'!$C$4:$Q$300, 9, FALSE) -> 51 | N36: =M36-V36 -> -5 | O36: =VLOOKUP($G36, 'ADP Data'!$C$4:$Q$300, 3, FALSE) -> 58 | P36: =M36-O36 -> -7 | Q36: =VLOOKUP($G36, 'ADP Data'!$C$4:$Q$300, 4, FALSE) -> 49 | R36: =VLOOKUP($G36, 'ADP Data'!$C$4:$Q$300, 5, FALSE) -> 67 | S36: =VLOOKUP($G36, 'ADP Data'!$C$4:$Q$300, 6, FALSE) -> 53 | T36: =VLOOKUP($G36, 'ADP Data'!$C$4:$Q$300, 7, FALSE) -> 71 | U36: =VLOOKUP($G36, 'ADP Data'!$C$4:$Q$300, 8, FALSE) -> 43 | V36: =INT(AVERAGE(M36, O36,Q36:U36)) -> 56 | W36: =IFERROR(INT(V36/8)+1, 16) -> 8 | X36: =D36-W36 -> -8 | Y36: =VLOOKUP($G36, SeanRanks!$A$2:$K$303, 10, FALSE)-V36 -> 12 | Z36: =IF(VLOOKUP($G36, SeanRanks!$A$2:$H$303, 7, FALSE)=0, "", VLOOKUP($G36, SeanRanks!$A$2:$H$303, 7, FALSE)) -> 4
B37: =IFERROR(INT(AVERAGE(Q37:U37)/12)+1, INT(AVERAGE(M37)/12)+1) -> 6 | C37: No | D37: 2 | E37: X | F37: =VLOOKUP(G37, SeanRanks!$A$2:$E$302, 4, FALSE) -> 0 | G37: Jaylen Waddle | H37: =VLOOKUP($G37, 'ADP Data'!$C$4:$Q$300, 2, FALSE) -> MIA | I37: =VLOOKUP(G37, 'ADP Data'!$C$4:$R$498, 12, FALSE) -> 57 | J37: =VLOOKUP($G37, SeanRanks!$A$2:$H$303, 5, FALSE) -> No | K37: =IF(VLOOKUP($G37, SeanRanks!$A$2:$H$303, 6, FALSE)=0, "", VLOOKUP($G37, SeanRanks!$A$2:$H$303, 6, FALSE)) -> WR3 - 2 - mid, but path to big upside | L37: =IFERROR(INT(M37/8)+1, 16) -> 9 | M37: =VLOOKUP($G37, 'ADP Data'!$C$4:$Q$300, 9, FALSE) -> 70 | N37: =M37-V37 -> 0 | O37: =VLOOKUP($G37, 'ADP Data'!$C$4:$Q$300, 3, FALSE) -> 79 | P37: =M37-O37 -> -9 | Q37: =VLOOKUP($G37, 'ADP Data'!$C$4:$Q$300, 4, FALSE) -> 64 | R37: =VLOOKUP($G37, 'ADP Data'!$C$4:$Q$300, 5, FALSE) -> 70 | S37: =VLOOKUP($G37, 'ADP Data'!$C$4:$Q$300, 6, FALSE) -> 66 | T37: =VLOOKUP($G37, 'ADP Data'!$C$4:$Q$300, 7, FALSE) -> 58 | U37: =VLOOKUP($G37, 'ADP Data'!$C$4:$Q$300, 8, FALSE) -> 84 | V37: =INT(AVERAGE(M37, O37,Q37:U37)) -> 70 | W37: =IFERROR(INT(V37/8)+1, 16) -> 9 | X37: =D37-W37 -> -7 | Y37: =VLOOKUP($G37, SeanRanks!$A$2:$K$303, 10, FALSE)-V37 -> -22 | Z37: =IF(VLOOKUP($G37, SeanRanks!$A$2:$H$303, 7, FALSE)=0, "", VLOOKUP($G37, SeanRanks!$A$2:$H$303, 7, FALSE)) -> 31
B38: =IFERROR(INT(AVERAGE(Q38:U38)/12)+1, INT(AVERAGE(M38)/12)+1) -> 2 | C38: No | F38: =VLOOKUP(G38, SeanRanks!$A$2:$E$302, 4, FALSE) -> 0 | G38: Nico Collins | H38: =VLOOKUP($G38, 'ADP Data'!$C$4:$Q$300, 2, FALSE) -> HOU | I38: =VLOOKUP(G38, 'ADP Data'!$C$4:$R$498, 12, FALSE) -> 8 | J38: =VLOOKUP($G38, SeanRanks!$A$2:$H$303, 5, FALSE) -> 0 | K38: =IF(VLOOKUP($G38, SeanRanks!$A$2:$H$303, 6, FALSE)=0, "", VLOOKUP($G38, SeanRanks!$A$2:$H$303, 6, FALSE)) -> WR1 - 2 - High Floor | L38: =IFERROR(INT(M38/8)+1, 16) -> 2 | M38: =VLOOKUP($G38, 'ADP Data'!$C$4:$Q$300, 9, FALSE) -> 13 | N38: =M38-V38 -> 0 | O38: =VLOOKUP($G38, 'ADP Data'!$C$4:$Q$300, 3, FALSE) -> 13 | P38: =M38-O38 -> 0 | Q38: =VLOOKUP($G38, 'ADP Data'!$C$4:$Q$300, 4, FALSE) -> 13 | R38: =VLOOKUP($G38, 'ADP Data'!$C$4:$Q$300, 5, FALSE) -> 12 | S38: =VLOOKUP($G38, 'ADP Data'!$C$4:$Q$300, 6, FALSE) -> 12 | T38: =VLOOKUP($G38, 'ADP Data'!$C$4:$Q$300, 7, FALSE) -> 12 | U38: =VLOOKUP($G38, 'ADP Data'!$C$4:$Q$300, 8, FALSE) -> 16 | V38: =INT(AVERAGE(M38, O38,Q38:U38)) -> 13 | W38: =IFERROR(INT(V38/8)+1, 16) -> 2 | X38: =D38-W38 -> -2 | Y38: =VLOOKUP($G38, SeanRanks!$A$2:$K$303, 10, FALSE)-V38 -> -6 | Z38: =IF(VLOOKUP($G38, SeanRanks!$A$2:$H$303, 7, FALSE)=0, "", VLOOKUP($G38, SeanRanks!$A$2:$H$303, 7, FALSE)) -> 4
A39: Yes | B39: =IFERROR(INT(AVERAGE(Q39:U39)/12)+1, INT(AVERAGE(M39)/12)+1) -> 4 | C39: No | D39: 4 | F39: =VLOOKUP(G39, SeanRanks!$A$2:$E$302, 4, FALSE) -> 0 | G39: Jalen Hurts | H39: =VLOOKUP($G39, 'ADP Data'!$C$4:$Q$300, 2, FALSE) -> PHI | I39: =VLOOKUP(G39, 'ADP Data'!$C$4:$R$498, 12, FALSE) -> 42 | J39: =VLOOKUP($G39, SeanRanks!$A$2:$H$303, 5, FALSE) -> 0 | K39: =IF(VLOOKUP($G39, SeanRanks!$A$2:$H$303, 6, FALSE)=0, "", VLOOKUP($G39, SeanRanks!$A$2:$H$303, 6, FALSE)) -> QB1 - 2 - QB1 Upside | L39: =IFERROR(INT(M39/8)+1, 16) -> 5 | M39: =VLOOKUP($G39, 'ADP Data'!$C$4:$Q$300, 9, FALSE) -> 37 | N39: =M39-V39 -> 0 | O39: =VLOOKUP($G39, 'ADP Data'!$C$4:$Q$300, 3, FALSE) -> 31 | P39: =M39-O39 -> 6 | Q39: =VLOOKUP($G39, 'ADP Data'!$C$4:$Q$300, 4, FALSE) -> 28 | R39: =VLOOKUP($G39, 'ADP Data'!$C$4:$Q$300, 5, FALSE) -> 51 | S39: =VLOOKUP($G39, 'ADP Data'!$C$4:$Q$300, 6, FALSE) -> 40 | T39: =VLOOKUP($G39, 'ADP Data'!$C$4:$Q$300, 7, FALSE) -> 43 | U39: =VLOOKUP($G39, 'ADP Data'!$C$4:$Q$300, 8, FALSE) -> 34 | V39: =INT(AVERAGE(M39, O39,Q39:U39)) -> 37 | W39: =IFERROR(INT(V39/8)+1, 16) -> 5 | X39: =D39-W39 -> -1 | Y39: =VLOOKUP($G39, SeanRanks!$A$2:$K$303, 10, FALSE)-V39 -> -2 | Z39: =IF(VLOOKUP($G39, SeanRanks!$A$2:$H$303, 7, FALSE)=0, "", VLOOKUP($G39, SeanRanks!$A$2:$H$303, 7, FALSE)) -> 3
B40: =IFERROR(INT(AVERAGE(Q40:U40)/12)+1, INT(AVERAGE(M40)/12)+1) -> 10 | C40: No | D40: 3 | E40: X | F40: =VLOOKUP(G40, SeanRanks!$A$2:$E$302, 4, FALSE) -> 0 | G40: Michael Pittman Jr. | H40: =VLOOKUP($G40, 'ADP Data'!$C$4:$Q$300, 2, FALSE) -> IND | I40: =VLOOKUP(G40, 'ADP Data'!$C$4:$R$498, 12, FALSE) -> 85 | J40: =VLOOKUP($G40, SeanRanks!$A$2:$H$303, 5, FALSE) -> No | K40: =IF(VLOOKUP($G40, SeanRanks!$A$2:$H$303, 6, FALSE)=0, "", VLOOKUP($G40, SeanRanks!$A$2:$H$303, 6, FALSE)) -> WR4 - 2 - unclear path to WR2 | L40: =IFERROR(INT(M40/8)+1, 16) -> 15 | M40: =VLOOKUP($G40, 'ADP Data'!$C$4:$Q$300, 9, FALSE) -> 114 | N40: =M40-V40 -> 4 | O40: =VLOOKUP($G40, 'ADP Data'!$C$4:$Q$300, 3, FALSE) -> 94 | P40: =M40-O40 -> 20 | Q40: =VLOOKUP($G40, 'ADP Data'!$C$4:$Q$300, 4, FALSE) -> 92 | R40: =VLOOKUP($G40, 'ADP Data'!$C$4:$Q$300, 5, FALSE) -> 113 | S40: =VLOOKUP($G40, 'ADP Data'!$C$4:$Q$300, 6, FALSE) -> 99 | T40: =VLOOKUP($G40, 'ADP Data'!$C$4:$Q$300, 7, FALSE) -> 97 | U40: =VLOOKUP($G40, 'ADP Data'!$C$4:$Q$300, 8, FALSE) -> 164 | V40: =INT(AVERAGE(M40, O40,Q40:U40)) -> 110 | W40: =IFERROR(INT(V40/8)+1, 16) -> 14 | X40: =D40-W40 -> -11 | Y40: =VLOOKUP($G40, SeanRanks!$A$2:$K$303, 10, FALSE)-V40 -> 4 | Z40: =IF(VLOOKUP($G40, SeanRanks!$A$2:$H$303, 7, FALSE)=0, "", VLOOKUP($G40, SeanRanks!$A$2:$H$303, 7, FALSE)) -> 47
B41: =IFERROR(INT(AVERAGE(Q41:U41)/12)+1, INT(AVERAGE(M41)/12)+1) -> 2 | C41: No | D41: 4 | F41: =VLOOKUP(G41, SeanRanks!$A$2:$E$302, 4, FALSE) -> 0 | G41: Josh Jacobs | H41: =VLOOKUP($G41, 'ADP Data'!$C$4:$Q$300, 2, FALSE) -> GB | I41: =VLOOKUP(G41, 'ADP Data'!$C$4:$R$498, 12, FALSE) -> 23 | J41: =VLOOKUP($G41, SeanRanks!$A$2:$H$303, 5, FALSE) -> 0 | K41: =IF(VLOOKUP($G41, SeanRanks!$A$2:$H$303, 6, FALSE)=0, "", VLOOKUP($G41, SeanRanks!$A$2:$H$303, 6, FALSE)) -> RB1 - 2 - Elite ceiling/questions | L41: =IFERROR(INT(M41/8)+1, 16) -> 2 | M41: =VLOOKUP($G41, 'ADP Data'!$C$4:$Q$300, 9, FALSE) -> 15 | N41: =M41-V41 -> -3 | O41: =VLOOKUP($G41, 'ADP Data'!$C$4:$Q$300, 3, FALSE) -> 10 | P41: =M41-O41 -> 5 | Q41: =VLOOKUP($G41, 'ADP Data'!$C$4:$Q$300, 4, FALSE) -> 17 | R41: =VLOOKUP($G41, 'ADP Data'!$C$4:$Q$300, 5, FALSE) -> 23 | S41: =VLOOKUP($G41, 'ADP Data'!$C$4:$Q$300, 6, FALSE) -> 22 | T41: =VLOOKUP($G41, 'ADP Data'!$C$4:$Q$300, 7, FALSE) -> 22 | U41: =VLOOKUP($G41, 'ADP Data'!$C$4:$Q$300, 8, FALSE) -> 19 | V41: =INT(AVERAGE(M41, O41,Q41:U41)) -> 18 | W41: =IFERROR(INT(V41/8)+1, 16) -> 3 | X41: =D41-W41 -> 1 | Y41: =VLOOKUP($G41, SeanRanks!$A$2:$K$303, 10, FALSE)-V41 -> -3 | Z41: =IF(VLOOKUP($G41, SeanRanks!$A$2:$H$303, 7, FALSE)=0, "", VLOOKUP($G41, SeanRanks!$A$2:$H$303, 7, FALSE)) -> 7
B42: =IFERROR(INT(AVERAGE(Q42:U42)/12)+1, INT(AVERAGE(M42)/12)+1) -> 9 | C42: No | D42: 2 | F42: =VLOOKUP(G42, SeanRanks!$A$2:$E$302, 4, FALSE) -> 0 | G42: Cooper Kupp | H42: =VLOOKUP($G42, 'ADP Data'!$C$4:$Q$300, 2, FALSE) -> SEA | I42: =VLOOKUP(G42, 'ADP Data'!$C$4:$R$498, 12, FALSE) -> 97 | J42: =VLOOKUP($G42, SeanRanks!$A$2:$H$303, 5, FALSE) -> 0 | K42: =IF(VLOOKUP($G42, SeanRanks!$A$2:$H$303, 6, FALSE)=0, "", VLOOKUP($G42, SeanRanks!$A$2:$H$303, 6, FALSE)) -> WR5 - 2 - floor play not league winner | L42: =IFERROR(INT(M42/8)+1, 16) -> 12 | M42: =VLOOKUP($G42, 'ADP Data'!$C$4:$Q$300, 9, FALSE) -> 88 | N42: =M42-V42 -> -7 | O42: =VLOOKUP($G42, 'ADP Data'!$C$4:$Q$300, 3, FALSE) -> 95 | P42: =M42-O42 -> -7 | Q42: =VLOOKUP($G42, 'ADP Data'!$C$4:$Q$300, 4, FALSE) -> 86 | R42: =VLOOKUP($G42, 'ADP Data'!$C$4:$Q$300, 5, FALSE) -> 97 | S42: =VLOOKUP($G42, 'ADP Data'!$C$4:$Q$300, 6, FALSE) -> 101 | T42: =VLOOKUP($G42, 'ADP Data'!$C$4:$Q$300, 7, FALSE) -> 91 | U42: =VLOOKUP($G42, 'ADP Data'!$C$4:$Q$300, 8, FALSE) -> 109 | V42: =INT(AVERAGE(M42, O42,Q42:U42)) -> 95 | W42: =IFERROR(INT(V42/8)+1, 16) -> 12 | X42: =D42-W42 -> -10 | Y42: =VLOOKUP($G42, SeanRanks!$A$2:$K$303, 10, FALSE)-V42 -> 26 | Z42: =IF(VLOOKUP($G42, SeanRanks!$A$2:$H$303, 7, FALSE)=0, "", VLOOKUP($G42, SeanRanks!$A$2:$H$303, 7, FALSE)) -> 55
B43: =IFERROR(INT(AVERAGE(Q43:U43)/12)+1, INT(AVERAGE(M43)/12)+1) -> 5 | C43: No | D43: 2 | E43: X | F43: =VLOOKUP(G43, SeanRanks!$A$2:$E$302, 4, FALSE) -> 0 | G43: DK Metcalf | H43: =VLOOKUP($G43, 'ADP Data'!$C$4:$Q$300, 2, FALSE) -> PIT | I43: =VLOOKUP(G43, 'ADP Data'!$C$4:$R$498, 12, FALSE) -> 56 | J43: =VLOOKUP($G43, SeanRanks!$A$2:$H$303, 5, FALSE) -> 0 | K43: =IF(VLOOKUP($G43, SeanRanks!$A$2:$H$303, 6, FALSE)=0, "", VLOOKUP($G43, SeanRanks!$A$2:$H$303, 6, FALSE)) -> WR2 - 2 - Upside with risk | L43: =IFERROR(INT(M43/8)+1, 16) -> 6 | M43: =VLOOKUP($G43, 'ADP Data'!$C$4:$Q$300, 9, FALSE) -> 46 | N43: =M43-V43 -> -4 | O43: =VLOOKUP($G43, 'ADP Data'!$C$4:$Q$300, 3, FALSE) -> 48 | P43: =M43-O43 -> -2 | Q43: =VLOOKUP($G43, 'ADP Data'!$C$4:$Q$300, 4, FALSE) -> 45 | R43: =VLOOKUP($G43, 'ADP Data'!$C$4:$Q$300, 5, FALSE) -> 63 | S43: =VLOOKUP($G43, 'ADP Data'!$C$4:$Q$300, 6, FALSE) -> 52 | T43: =VLOOKUP($G43, 'ADP Data'!$C$4:$Q$300, 7, FALSE) -> 50 | U43: =VLOOKUP($G43, 'ADP Data'!$C$4:$Q$300, 8, FALSE) -> 52 | V43: =INT(AVERAGE(M43, O43,Q43:U43)) -> 50 | W43: =IFERROR(INT(V43/8)+1, 16) -> 7 | X43: =D43-W43 -> -5 | Y43: =VLOOKUP($G43, SeanRanks!$A$2:$K$303, 10, FALSE)-V43 -> -1 | Z43: =IF(VLOOKUP($G43, SeanRanks!$A$2:$H$303, 7, FALSE)=0, "", VLOOKUP($G43, SeanRanks!$A$2:$H$303, 7, FALSE)) -> 20
B44: =IFERROR(INT(AVERAGE(Q44:U44)/12)+1, INT(AVERAGE(M44)/12)+1) -> 3 | C44: No | F44: =VLOOKUP(G44, SeanRanks!$A$2:$E$302, 4, FALSE) -> 0 | G44: James Cook | H44: =VLOOKUP($G44, 'ADP Data'!$C$4:$Q$300, 2, FALSE) -> BUF | I44: =VLOOKUP(G44, 'ADP Data'!$C$4:$R$498, 12, FALSE) -> 44 | J44: =VLOOKUP($G44, SeanRanks!$A$2:$H$303, 5, FALSE) -> 0 | K44: =IF(VLOOKUP($G44, SeanRanks!$A$2:$H$303, 6, FALSE)=0, "", VLOOKUP($G44, SeanRanks!$A$2:$H$303, 6, FALSE)) -> RB2 - 1 - Clear path to spikes | L44: =IFERROR(INT(M44/8)+1, 16) -> 4 | M44: =VLOOKUP($G44, 'ADP Data'!$C$4:$Q$300, 9, FALSE) -> 30 | N44: =M44-V44 -> -2 | O44: =VLOOKUP($G44, 'ADP Data'!$C$4:$Q$300, 3, FALSE) -> 26 | P44: =M44-O44 -> 4 | Q44: =VLOOKUP($G44, 'ADP Data'!$C$4:$Q$300, 4, FALSE) -> 32 | R44: =VLOOKUP($G44, 'ADP Data'!$C$4:$Q$300, 5, FALSE) -> 40 | S44: =VLOOKUP($G44, 'ADP Data'!$C$4:$Q$300, 6, FALSE) -> 33 | T44: =VLOOKUP($G44, 'ADP Data'!$C$4:$Q$300, 7, FALSE) -> 36 | U44: =VLOOKUP($G44, 'ADP Data'!$C$4:$Q$300, 8, FALSE) -> 30 | V44: =INT(AVERAGE(M44, O44,Q44:U44)) -> 32 | W44: =IFERROR(INT(V44/8)+1, 16) -> 5 | X44: =D44-W44 -> -5 | Y44: =VLOOKUP($G44, SeanRanks!$A$2:$K$303, 10, FALSE)-V44 -> 2 | Z44: =IF(VLOOKUP($G44, SeanRanks!$A$2:$H$303, 7, FALSE)=0, "", VLOOKUP($G44, SeanRanks!$A$2:$H$303, 7, FALSE)) -> 15
A45: Yes | B45: =IFERROR(INT(AVERAGE(Q45:U45)/12)+1, INT(AVERAGE(M45)/12)+1) -> 5 | C45: No | D45: 3 | F45: =VLOOKUP(G45, SeanRanks!$A$2:$E$302, 4, FALSE) -> 0 | G45: DeVonta Smith | H45: =VLOOKUP($G45, 'ADP Data'!$C$4:$Q$300, 2, FALSE) -> PHI | I45: =VLOOKUP(G45, 'ADP Data'!$C$4:$R$498, 12, FALSE) -> 54 | J45: =VLOOKUP($G45, SeanRanks!$A$2:$H$303, 5, FALSE) -> 0 | K45: =IF(VLOOKUP($G45, SeanRanks!$A$2:$H$303, 6, FALSE)=0, "", VLOOKUP($G45, SeanRanks!$A$2:$H$303, 6, FALSE)) -> WR2 - 2 - Upside with risk | L45: =IFERROR(INT(M45/8)+1, 16) -> 7 | M45: =VLOOKUP($G45, 'ADP Data'!$C$4:$Q$300, 9, FALSE) -> 53 | N45: =M45-V45 -> -5 | O45: =VLOOKUP($G45, 'ADP Data'!$C$4:$Q$300, 3, FALSE) -> 60 | P45: =M45-O45 -> -7 | Q45: =VLOOKUP($G45, 'ADP Data'!$C$4:$Q$300, 4, FALSE) -> 61 | R45: =VLOOKUP($G45, 'ADP Data'!$C$4:$Q$300, 5, FALSE) -> 62 | S45: =VLOOKUP($G45, 'ADP Data'!$C$4:$Q$300, 6, FALSE) -> 60 | T45: =VLOOKUP($G45, 'ADP Data'!$C$4:$Q$300, 7, FALSE) -> 56 | U45: =VLOOKUP($G45, 'ADP Data'!$C$4:$Q$300, 8, FALSE) -> 60 | V45: =INT(AVERAGE(M45, O45,Q45:U45)) -> 58 | W45: =IFERROR(INT(V45/8)+1, 16) -> 8 | X45: =D45-W45 -> -5 | Y45: =VLOOKUP($G45, SeanRanks!$A$2:$K$303, 10, FALSE)-V45 -> -13 | Z45: =IF(VLOOKUP($G45, SeanRanks!$A$2:$H$303, 7, FALSE)=0, "", VLOOKUP($G45, SeanRanks!$A$2:$H$303, 7, FALSE)) -> 18
B46: =IFERROR(INT(AVERAGE(Q46:U46)/12)+1, INT(AVERAGE(M46)/12)+1) -> 13 | C46: No | D46: 4 | F46: =VLOOKUP(G46, SeanRanks!$A$2:$E$302, 4, FALSE) -> 0 | G46: Rachaad White | H46: =VLOOKUP($G46, 'ADP Data'!$C$4:$Q$300, 2, FALSE) -> TB | I46: =VLOOKUP(G46, 'ADP Data'!$C$4:$R$498, 12, FALSE) -> 169 | J46: =VLOOKUP($G46, SeanRanks!$A$2:$H$303, 5, FALSE) -> 0 | K46: =IF(VLOOKUP($G46, SeanRanks!$A$2:$H$303, 6, FALSE)=0, "", VLOOKUP($G46, SeanRanks!$A$2:$H$303, 6, FALSE)) -> RB4 - 2 - low ceiling | L46: =IFERROR(INT(M46/8)+1, 16) -> 17 | M46: =VLOOKUP($G46, 'ADP Data'!$C$4:$Q$300, 9, FALSE) -> 129 | N46: =M46-V46 -> -18 | O46: =VLOOKUP($G46, 'ADP Data'!$C$4:$Q$300, 3, FALSE) -> 133 | P46: =M46-O46 -> -4 | Q46: =VLOOKUP($G46, 'ADP Data'!$C$4:$Q$300, 4, FALSE) -> 150 | R46: =VLOOKUP($G46, 'ADP Data'!$C$4:$Q$300, 5, FALSE) -> 167 | S46: =VLOOKUP($G46, 'ADP Data'!$C$4:$Q$300, 6, FALSE) -> 149 | T46: =VLOOKUP($G46, 'ADP Data'!$C$4:$Q$300, 7, FALSE) -> 153 | U46: =VLOOKUP($G46, 'ADP Data'!$C$4:$Q$300, 8, FALSE) -> 149 | V46: =INT(AVERAGE(M46, O46,Q46:U46)) -> 147 | W46: =IFERROR(INT(V46/8)+1, 16) -> 19 | X46: =D46-W46 -> -15 | Y46: =VLOOKUP($G46, SeanRanks!$A$2:$K$303, 10, FALSE)-V46 -> -23 | Z46: =IF(VLOOKUP($G46, SeanRanks!$A$2:$H$303, 7, FALSE)=0, "", VLOOKUP($G46, SeanRanks!$A$2:$H$303, 7, FALSE)) -> 48
B47: =IFERROR(INT(AVERAGE(Q47:U47)/12)+1, INT(AVERAGE(M47)/12)+1) -> 5 | C47: No | D47: 4 | F47: =VLOOKUP(G47, SeanRanks!$A$2:$E$302, 4, FALSE) -> 0 | G47: D.J. Moore | H47: =VLOOKUP($G47, 'ADP Data'!$C$4:$Q$300, 2, FALSE) -> CHI | I47: =VLOOKUP(G47, 'ADP Data'!$C$4:$R$498, 12, FALSE) -> 50 | J47: =VLOOKUP($G47, SeanRanks!$A$2:$H$303, 5, FALSE) -> 0 | K47: =IF(VLOOKUP($G47, SeanRanks!$A$2:$H$303, 6, FALSE)=0, "", VLOOKUP($G47, SeanRanks!$A$2:$H$303, 6, FALSE)) -> WR3 - 1 - | L47: =IFERROR(INT(M47/8)+1, 16) -> 7 | M47: =VLOOKUP($G47, 'ADP Data'!$C$4:$Q$300, 9, FALSE) -> 48 | N47: =M47-V47 -> -3 | O47: =VLOOKUP($G47, 'ADP Data'!$C$4:$Q$300, 3, FALSE) -> 52 | P47: =M47-O47 -> -4 | Q47: =VLOOKUP($G47, 'ADP Data'!$C$4:$Q$300, 4, FALSE) -> 54 | R47: =VLOOKUP($G47, 'ADP Data'!$C$4:$Q$300, 5, FALSE) -> 54 | S47: =VLOOKUP($G47, 'ADP Data'!$C$4:$Q$300, 6, FALSE) -> 55 | T47: =VLOOKUP($G47, 'ADP Data'!$C$4:$Q$300, 7, FALSE) -> 48 | U47: =VLOOKUP($G47, 'ADP Data'!$C$4:$Q$300, 8, FALSE) -> 46 | V47: =INT(AVERAGE(M47, O47,Q47:U47)) -> 51 | W47: =IFERROR(INT(V47/8)+1, 16) -> 7 | X47: =D47-W47 -> -3 | Y47: =VLOOKUP($G47, SeanRanks!$A$2:$K$303, 10, FALSE)-V47 -> 9 | Z47: =IF(VLOOKUP($G47, SeanRanks!$A$2:$H$303, 7, FALSE)=0, "", VLOOKUP($G47, SeanRanks!$A$2:$H$303, 7, FALSE)) -> 28
B48: =IFERROR(INT(AVERAGE(Q48:U48)/12)+1, INT(AVERAGE(M48)/12)+1) -> 3 | C48: No | D48: 4 | F48: =VLOOKUP(G48, SeanRanks!$A$2:$E$302, 4, FALSE) -> 0 | G48: Lamar Jackson | H48: =VLOOKUP($G48, 'ADP Data'!$C$4:$Q$300, 2, FALSE) -> BAL | I48: =VLOOKUP(G48, 'ADP Data'!$C$4:$R$498, 12, FALSE) -> 30 | J48: =VLOOKUP($G48, SeanRanks!$A$2:$H$303, 5, FALSE) -> 0 | K48: =IF(VLOOKUP($G48, SeanRanks!$A$2:$H$303, 6, FALSE)=0, "", VLOOKUP($G48, SeanRanks!$A$2:$H$303, 6, FALSE)) -> QB1 - 1 - Elite | L48: =IFERROR(INT(M48/8)+1, 16) -> 3 | M48: =VLOOKUP($G48, 'ADP Data'!$C$4:$Q$300, 9, FALSE) -> 23 | N48: =M48-V48 -> 0 | O48: =VLOOKUP($G48, 'ADP Data'!$C$4:$Q$300, 3, FALSE) -> 17 | P48: =M48-O48 -> 6 | Q48: =VLOOKUP($G48, 'ADP Data'!$C$4:$Q$300, 4, FALSE) -> 23 | R48: =VLOOKUP($G48, 'ADP Data'!$C$4:$Q$300, 5, FALSE) -> 31 | S48: =VLOOKUP($G48, 'ADP Data'!$C$4:$Q$300, 6, FALSE) -> 29 | T48: =VLOOKUP($G48, 'ADP Data'!$C$4:$Q$300, 7, FALSE) -> 24 | U48: =VLOOKUP($G48, 'ADP Data'!$C$4:$Q$300, 8, FALSE) -> 18 | V48: =INT(AVERAGE(M48, O48,Q48:U48)) -> 23 | W48: =IFERROR(INT(V48/8)+1, 16) -> 3 | X48: =D48-W48 -> 1 | Y48: =VLOOKUP($G48, SeanRanks!$A$2:$K$303, 10, FALSE)-V48 -> 3 | Z48: =IF(VLOOKUP($G48, SeanRanks!$A$2:$H$303, 7, FALSE)=0, "", VLOOKUP($G48, SeanRanks!$A$2:$H$303, 7, FALSE)) -> 1
B49: =IFERROR(INT(AVERAGE(Q49:U49)/12)+1, INT(AVERAGE(M49)/12)+1) -> 2 | C49: No | D49: 4 | F49: =VLOOKUP(G49, SeanRanks!$A$2:$E$302, 4, FALSE) -> 0 | G49: Trey McBride | H49: =VLOOKUP($G49, 'ADP Data'!$C$4:$Q$300, 2, FALSE) -> ARI | I49: =VLOOKUP(G49, 'ADP Data'!$C$4:$R$498, 12, FALSE) -> 24 | J49: =VLOOKUP($G49, SeanRanks!$A$2:$H$303, 5, FALSE) -> 0 | K49: =IF(VLOOKUP($G49, SeanRanks!$A$2:$H$303, 6, FALSE)=0, "", VLOOKUP($G49, SeanRanks!$A$2:$H$303, 6, FALSE)) -> TE1 - 1 - Elite | L49: =IFERROR(INT(M49/8)+1, 16) -> 4 | M49: =VLOOKUP($G49, 'ADP Data'!$C$4:$Q$300, 9, FALSE) -> 26 | N49: =M49-V49 -> 1 | O49: =VLOOKUP($G49, 'ADP Data'!$C$4:$Q$300, 3, FALSE) -> 35 | P49: =M49-O49 -> -9 | Q49: =VLOOKUP($G49, 'ADP Data'!$C$4:$Q$300, 4, FALSE) -> 25 | R49: =VLOOKUP($G49, 'ADP Data'!$C$4:$Q$300, 5, FALSE) -> 28 | S49: =VLOOKUP($G49, 'ADP Data'!$C$4:$Q$300, 6, FALSE) -> 13 | T49: =VLOOKUP($G49, 'ADP Data'!$C$4:$Q$300, 7, FALSE) -> 26 | U49: =VLOOKUP($G49, 'ADP Data'!$C$4:$Q$300, 8, FALSE) -> 27 | V49: =INT(AVERAGE(M49, O49,Q49:U49)) -> 25 | W49: =IFERROR(INT(V49/8)+1, 16) -> 4 | X49: =D49-W49 -> 0 | Y49: =VLOOKUP($G49, SeanRanks!$A$2:$K$303, 10, FALSE)-V49 -> -1 | Z49: =IF(VLOOKUP($G49, SeanRanks!$A$2:$H$303, 7, FALSE)=0, "", VLOOKUP($G49, SeanRanks!$A$2:$H$303, 7, FALSE)) -> 2
B50: =IFERROR(INT(AVERAGE(Q50:U50)/12)+1, INT(AVERAGE(M50)/12)+1) -> 1 | C50: No | D50: 3 | E50: X | F50: =VLOOKUP(G50, SeanRanks!$A$2:$E$302, 4, FALSE) -> 0 | G50: Malik Nabers | H50: =VLOOKUP($G50, 'ADP Data'!$C$4:$Q$300, 2, FALSE) -> NYG | I50: =VLOOKUP(G50, 'ADP Data'!$C$4:$R$498, 12, FALSE) -> 10 | J50: =VLOOKUP($G50, SeanRanks!$A$2:$H$303, 5, FALSE) -> 0 | K50: =IF(VLOOKUP($G50, SeanRanks!$A$2:$H$303, 6, FALSE)=0, "", VLOOKUP($G50, SeanRanks!$A$2:$H$303, 6, FALSE)) -> WR1 - 2 - High Floor | L50: =IFERROR(INT(M50/8)+1, 16) -> 2 | M50: =VLOOKUP($G50, 'ADP Data'!$C$4:$Q$300, 9, FALSE) -> 12 | N50: =M50-V50 -> 3 | O50: =VLOOKUP($G50, 'ADP Data'!$C$4:$Q$300, 3, FALSE) -> 11 | P50: =M50-O50 -> 1 | Q50: =VLOOKUP($G50, 'ADP Data'!$C$4:$Q$300, 4, FALSE) -> 10 | R50: =VLOOKUP($G50, 'ADP Data'!$C$4:$Q$300, 5, FALSE) -> 9 | S50: =VLOOKUP($G50, 'ADP Data'!$C$4:$Q$300, 6, FALSE) -> 10 | T50: =VLOOKUP($G50, 'ADP Data'!$C$4:$Q$300, 7, FALSE) -> 8 | U50: =VLOOKUP($G50, 'ADP Data'!$C$4:$Q$300, 8, FALSE) -> 9 | V50: =INT(AVERAGE(M50, O50,Q50:U50)) -> 9 | W50: =IFERROR(INT(V50/8)+1, 16) -> 2 | X50: =D50-W50 -> 1 | Y50: =VLOOKUP($G50, SeanRanks!$A$2:$K$303, 10, FALSE)-V50 -> 1 | Z50: =IF(VLOOKUP($G50, SeanRanks!$A$2:$H$303, 7, FALSE)=0, "", VLOOKUP($G50, SeanRanks!$A$2:$H$303, 7, FALSE)) -> 5
B51: =IFERROR(INT(AVERAGE(Q51:U51)/12)+1, INT(AVERAGE(M51)/12)+1) -> 7 | C51: No | D51: 4 | F51: =VLOOKUP(G51, SeanRanks!$A$2:$E$302, 4, FALSE) -> 0 | G51: Mark Andrews | H51: =VLOOKUP($G51, 'ADP Data'!$C$4:$Q$300, 2, FALSE) -> BAL | I51: =VLOOKUP(G51, 'ADP Data'!$C$4:$R$498, 12, FALSE) -> 93 | J51: =VLOOKUP($G51, SeanRanks!$A$2:$H$303, 5, FALSE) -> No | K51: =IF(VLOOKUP($G51, SeanRanks!$A$2:$H$303, 6, FALSE)=0, "", VLOOKUP($G51, SeanRanks!$A$2:$H$303, 6, FALSE)) -> TE1 - 3 - Weekly Start | L51: =IFERROR(INT(M51/8)+1, 16) -> 10 | M51: =VLOOKUP($G51, 'ADP Data'!$C$4:$Q$300, 9, FALSE) -> 77 | N51: =M51-V51 -> 0 | O51: =VLOOKUP($G51, 'ADP Data'!$C$4:$Q$300, 3, FALSE) -> 73 | P51: =M51-O51 -> 4 | Q51: =VLOOKUP($G51, 'ADP Data'!$C$4:$Q$300, 4, FALSE) -> 73 | R51: =VLOOKUP($G51, 'ADP Data'!$C$4:$Q$300, 5, FALSE) -> 95 | S51: =VLOOKUP($G51, 'ADP Data'!$C$4:$Q$300, 6, FALSE) -> 79 | T51: =VLOOKUP($G51, 'ADP Data'!$C$4:$Q$300, 7, FALSE) -> 93 | U51: =VLOOKUP($G51, 'ADP Data'!$C$4:$Q$300, 8, FALSE) -> 53 | V51: =INT(AVERAGE(M51, O51,Q51:U51)) -> 77 | W51: =IFERROR(INT(V51/8)+1, 16) -> 10 | X51: =D51-W51 -> -6 | Y51: =VLOOKUP($G51, SeanRanks!$A$2:$K$303, 10, FALSE)-V51 -> 2 | Z51: =IF(VLOOKUP($G51, SeanRanks!$A$2:$H$303, 7, FALSE)=0, "", VLOOKUP($G51, SeanRanks!$A$2:$H$303, 7, FALSE)) -> 7
B52: =IFERROR(INT(AVERAGE(Q52:U52)/12)+1, INT(AVERAGE(M52)/12)+1) -> 12 | C52: No | D52: 4 | F52: =VLOOKUP(G52, SeanRanks!$A$2:$E$302, 4, FALSE) -> 0 | G52: Joe Mixon | H52: =VLOOKUP($G52, 'ADP Data'!$C$4:$Q$300, 2, FALSE) -> HOU | I52: =VLOOKUP(G52, 'ADP Data'!$C$4:$R$498, 12, FALSE) -> 162 | J52: =VLOOKUP($G52, SeanRanks!$A$2:$H$303, 5, FALSE) -> 0 | K52: =IF(VLOOKUP($G52, SeanRanks!$A$2:$H$303, 6, FALSE)=0, "", VLOOKUP($G52, SeanRanks!$A$2:$H$303, 6, FALSE)) -> RB2 - 2 - Path to spikes | L52: =IFERROR(INT(M52/8)+1, 16) -> 8 | M52: =VLOOKUP($G52, 'ADP Data'!$C$4:$Q$300, 9, FALSE) -> 63 | N52: =M52-V52 -> -53 | O52: =VLOOKUP($G52, 'ADP Data'!$C$4:$Q$300, 3, FALSE) -> 81 | P52: =M52-O52 -> -18 | Q52: =VLOOKUP($G52, 'ADP Data'!$C$4:$Q$300, 4, FALSE) -> 121 | R52: =VLOOKUP($G52, 'ADP Data'!$C$4:$Q$300, 5, FALSE) -> 262 | S52: =VLOOKUP($G52, 'ADP Data'!$C$4:$Q$300, 6, FALSE) -> 115 | T52: =VLOOKUP($G52, 'ADP Data'!$C$4:$Q$300, 7, FALSE) -> 110 | U52: =VLOOKUP($G52, 'ADP Data'!$C$4:$Q$300, 8, FALSE) -> 65 | V52: =INT(AVERAGE(M52, O52,Q52:U52)) -> 116 | W52: =IFERROR(INT(V52/8)+1, 16) -> 15 | X52: =D52-W52 -> -11 | Y52: =VLOOKUP($G52, SeanRanks!$A$2:$K$303, 10, FALSE)-V52 -> 45 | Z52: =IF(VLOOKUP($G52, SeanRanks!$A$2:$H$303, 7, FALSE)=0, "", VLOOKUP($G52, SeanRanks!$A$2:$H$303, 7, FALSE)) -> 22
A53: Yes | B53: =IFERROR(INT(AVERAGE(Q53:U53)/12)+1, INT(AVERAGE(M53)/12)+1) -> 8 | C53: No | D53: 4 | F53: =VLOOKUP(G53, SeanRanks!$A$2:$E$302, 4, FALSE) -> 0 | G53: Stefon Diggs | H53: =VLOOKUP($G53, 'ADP Data'!$C$4:$Q$300, 2, FALSE) -> NE | I53: =VLOOKUP(G53, 'ADP Data'!$C$4:$R$498, 12, FALSE) -> 67 | J53: =VLOOKUP($G53, SeanRanks!$A$2:$H$303, 5, FALSE) -> 0 | K53: =IF(VLOOKUP($G53, SeanRanks!$A$2:$H$303, 6, FALSE)=0, "", VLOOKUP($G53, SeanRanks!$A$2:$H$303, 6, FALSE)) -> WR3 - 3 - lower ceiling | L53: =IFERROR(INT(M53/8)+1, 16) -> 12 | M53: =VLOOKUP($G53, 'ADP Data'!$C$4:$Q$300, 9, FALSE) -> 89 | N53: =M53-V53 -> 2 | O53: =VLOOKUP($G53, 'ADP Data'!$C$4:$Q$300, 3, FALSE) -> 91 | P53: =M53-O53 -> -2 | Q53: =VLOOKUP($G53, 'ADP Data'!$C$4:$Q$300, 4, FALSE) -> 88 | R53: =VLOOKUP($G53, 'ADP Data'!$C$4:$Q$300, 5, FALSE) -> 89 | S53: =VLOOKUP($G53, 'ADP Data'!$C$4:$Q$300, 6, FALSE) -> 85 | T53: =VLOOKUP($G53, 'ADP Data'!$C$4:$Q$300, 7, FALSE) -> 77 | U53: =VLOOKUP($G53, 'ADP Data'!$C$4:$Q$300, 8, FALSE) -> 95 | V53: =INT(AVERAGE(M53, O53,Q53:U53)) -> 87 | W53: =IFERROR(INT(V53/8)+1, 16) -> 11 | X53: =D53-W53 -> -7 | Y53: =VLOOKUP($G53, SeanRanks!$A$2:$K$303, 10, FALSE)-V53 -> -10 | Z53: =IF(VLOOKUP($G53, SeanRanks!$A$2:$H$303, 7, FALSE)=0, "", VLOOKUP($G53, SeanRanks!$A$2:$H$303, 7, FALSE)) -> 38
B54: =IFERROR(INT(AVERAGE(Q54:U54)/12)+1, INT(AVERAGE(M54)/12)+1) -> 4 | C54: No | D54: 4 | E54: X | F54: =VLOOKUP(G54, SeanRanks!$A$2:$E$302, 4, FALSE) -> 0 | G54: Kenneth Walker | H54: =VLOOKUP($G54, 'ADP Data'!$C$4:$Q$300, 2, FALSE) -> SEA | I54: =VLOOKUP(G54, 'ADP Data'!$C$4:$R$498, 12, FALSE) -> 39 | J54: =VLOOKUP($G54, SeanRanks!$A$2:$H$303, 5, FALSE) -> 0 | K54: =IF(VLOOKUP($G54, SeanRanks!$A$2:$H$303, 6, FALSE)=0, "", VLOOKUP($G54, SeanRanks!$A$2:$H$303, 6, FALSE)) -> RB2 - 1 - Clear path to spikes | L54: =IFERROR(INT(M54/8)+1, 16) -> 6 | M54: =VLOOKUP($G54, 'ADP Data'!$C$4:$Q$300, 9, FALSE) -> 43 | N54: =M54-V54 -> 2 | O54: =VLOOKUP($G54, 'ADP Data'!$C$4:$Q$300, 3, FALSE) -> 33 | P54: =M54-O54 -> 10 | Q54: =VLOOKUP($G54, 'ADP Data'!$C$4:$Q$300, 4, FALSE) -> 47 | R54: =VLOOKUP($G54, 'ADP Data'!$C$4:$Q$300, 5, FALSE) -> 55 | S54: =VLOOKUP($G54, 'ADP Data'!$C$4:$Q$300, 6, FALSE) -> 34 | T54: =VLOOKUP($G54, 'ADP Data'!$C$4:$Q$300, 7, FALSE) -> 41 | U54: =VLOOKUP($G54, 'ADP Data'!$C$4:$Q$300, 8, FALSE) -> 40 | V54: =INT(AVERAGE(M54, O54,Q54:U54)) -> 41 | W54: =IFERROR(INT(V54/8)+1, 16) -> 6 | X54: =D54-W54 -> -2 | Y54: =VLOOKUP($G54, SeanRanks!$A$2:$K$303, 10, FALSE)-V54 -> -3 | Z54: =IF(VLOOKUP($G54, SeanRanks!$A$2:$H$303, 7, FALSE)=0, "", VLOOKUP($G54, SeanRanks!$A$2:$H$303, 7, FALSE)) -> 13
B55: =IFERROR(INT(AVERAGE(Q55:U55)/12)+1, INT(AVERAGE(M55)/12)+1) -> 4 | C55: No | D55: 4 | E55: X | F55: =VLOOKUP(G55, SeanRanks!$A$2:$E$302, 4, FALSE) -> 0 | G55: Alvin Kamara | H55: =VLOOKUP($G55, 'ADP Data'!$C$4:$Q$300, 2, FALSE) -> NO | I55: =VLOOKUP(G55, 'ADP Data'!$C$4:$R$498, 12, FALSE) -> 52 | J55: =VLOOKUP($G55, SeanRanks!$A$2:$H$303, 5, FALSE) -> 0 | K55: =IF(VLOOKUP($G55, SeanRanks!$A$2:$H$303, 6, FALSE)=0, "", VLOOKUP($G55, SeanRanks!$A$2:$H$303, 6, FALSE)) -> RB2 - 1 - Clear path to spikes | L55: =IFERROR(INT(M55/8)+1, 16) -> 6 | M55: =VLOOKUP($G55, 'ADP Data'!$C$4:$Q$300, 9, FALSE) -> 40 | N55: =M55-V55 -> -1 | O55: =VLOOKUP($G55, 'ADP Data'!$C$4:$Q$300, 3, FALSE) -> 28 | P55: =M55-O55 -> 12 | Q55: =VLOOKUP($G55, 'ADP Data'!$C$4:$Q$300, 4, FALSE) -> 38 | R55: =VLOOKUP($G55, 'ADP Data'!$C$4:$Q$300, 5, FALSE) -> 53 | S55: =VLOOKUP($G55, 'ADP Data'!$C$4:$Q$300, 6, FALSE) -> 37 | T55: =VLOOKUP($G55, 'ADP Data'!$C$4:$Q$300, 7, FALSE) -> 49 | U55: =VLOOKUP($G55, 'ADP Data'!$C$4:$Q$300, 8, FALSE) -> 44 | V55: =INT(AVERAGE(M55, O55,Q55:U55)) -> 41 | W55: =IFERROR(INT(V55/8)+1, 16) -> 6 | X55: =D55-W55 -> -2 | Y55: =VLOOKUP($G55, SeanRanks!$A$2:$K$303, 10, FALSE)-V55 -> 0 | Z55: =IF(VLOOKUP($G55, SeanRanks!$A$2:$H$303, 7, FALSE)=0, "", VLOOKUP($G55, SeanRanks!$A$2:$H$303, 7, FALSE)) -> 18
A56: Yes | B56: =IFERROR(INT(AVERAGE(Q56:U56)/12)+1, INT(AVERAGE(M56)/12)+1) -> 11 | C56: No | D56: 5 | F56: =VLOOKUP(G56, SeanRanks!$A$2:$E$302, 4, FALSE) -> 0 | G56: Dalton Kincaid | H56: =VLOOKUP($G56, 'ADP Data'!$C$4:$Q$300, 2, FALSE) -> BUF | I56: =VLOOKUP(G56, 'ADP Data'!$C$4:$R$498, 12, FALSE) -> 131 | J56: =VLOOKUP($G56, SeanRanks!$A$2:$H$303, 5, FALSE) -> 0 | K56: =IF(VLOOKUP($G56, SeanRanks!$A$2:$H$303, 6, FALSE)=0, "", VLOOKUP($G56, SeanRanks!$A$2:$H$303, 6, FALSE)) | L56: =IFERROR(INT(M56/8)+1, 16) -> 15 | M56: =VLOOKUP($G56, 'ADP Data'!$C$4:$Q$300, 9, FALSE) -> 119 | N56: =M56-V56 -> -9 | O56: =VLOOKUP($G56, 'ADP Data'!$C$4:$Q$300, 3, FALSE) -> 142 | P56: =M56-O56 -> -23 | Q56: =VLOOKUP($G56, 'ADP Data'!$C$4:$Q$300, 4, FALSE) -> 126 | R56: =VLOOKUP($G56, 'ADP Data'!$C$4:$Q$300, 5, FALSE) -> 142 | S56: =VLOOKUP($G56, 'ADP Data'!$C$4:$Q$300, 6, FALSE) -> 107 | T56: =VLOOKUP($G56, 'ADP Data'!$C$4:$Q$300, 7, FALSE) -> 133 | U56: =VLOOKUP($G56, 'ADP Data'!$C$4:$Q$300, 8, FALSE) -> 128 | V56: =INT(AVERAGE(M56, O56,Q56:U56)) -> 128 | W56: =IFERROR(INT(V56/8)+1, 16) -> 17 | X56: =D56-W56 -> -12 | Y56: =VLOOKUP($G56, SeanRanks!$A$2:$K$303, 10, FALSE)-V56 -> -8 | Z56: =IF(VLOOKUP($G56, SeanRanks!$A$2:$H$303, 7, FALSE)=0, "", VLOOKUP($G56, SeanRanks!$A$2:$H$303, 7, FALSE))
A57: Yes | B57: =IFERROR(INT(AVERAGE(Q57:U57)/12)+1, INT(AVERAGE(M57)/12)+1) -> 21 | C57: No | D57: 3 | F57: =VLOOKUP(G57, SeanRanks!$A$2:$E$302, 4, FALSE) -> 0 | G57: Amari Cooper | H57: =VLOOKUP($G57, 'ADP Data'!$C$4:$Q$300, 2, FALSE) -> LV | I57: =VLOOKUP(G57, 'ADP Data'!$C$4:$R$498, 12, FALSE) -> 197 | J57: =VLOOKUP($G57, SeanRanks!$A$2:$H$303, 5, FALSE) -> 0 | K57: =IF(VLOOKUP($G57, SeanRanks!$A$2:$H$303, 6, FALSE)=0, "", VLOOKUP($G57, SeanRanks!$A$2:$H$303, 6, FALSE)) | L57: =IFERROR(INT(M57/8)+1, 16) -> 32 | M57: =VLOOKUP($G57, 'ADP Data'!$C$4:$Q$300, 9, FALSE) -> 250 | N57: =M57-V57 -> 17 | O57: =VLOOKUP($G57, 'ADP Data'!$C$4:$Q$300, 3, FALSE) -> 143 | P57: =M57-O57 -> 107 | Q57: =VLOOKUP($G57, 'ADP Data'!$C$4:$Q$300, 4, FALSE) -> 189 | R57: =VLOOKUP($G57, 'ADP Data'!$C$4:$Q$300, 5, FALSE) -> 308 | S57: =VLOOKUP($G57, 'ADP Data'!$C$4:$Q$300, 6, FALSE) -> 227 | T57: =VLOOKUP($G57, 'ADP Data'!$C$4:$Q$300, 7, FALSE) -> 229 | U57: =VLOOKUP($G57, 'ADP Data'!$C$4:$Q$300, 8, FALSE) -> 290 | V57: =INT(AVERAGE(M57, O57,Q57:U57)) -> 233 | W57: =IFERROR(INT(V57/8)+1, 16) -> 30 | X57: =D57-W57 -> -27 | Y57: =VLOOKUP($G57, SeanRanks!$A$2:$K$303, 10, FALSE)-V57 -> 17 | Z57: =IF(VLOOKUP($G57, SeanRanks!$A$2:$H$303, 7, FALSE)=0, "", VLOOKUP($G57, SeanRanks!$A$2:$H$303, 7, FALSE))
B58: =IFERROR(INT(AVERAGE(Q58:U58)/12)+1, INT(AVERAGE(M58)/12)+1) -> 12 | C58: No | D58: 6 | F58: =VLOOKUP(G58, SeanRanks!$A$2:$E$302, 4, FALSE) -> 0 | G58: C.J. Stroud | H58: =VLOOKUP($G58, 'ADP Data'!$C$4:$Q$300, 2, FALSE) -> HOU | I58: =VLOOKUP(G58, 'ADP Data'!$C$4:$R$498, 12, FALSE) -> 129 | J58: =VLOOKUP($G58, SeanRanks!$A$2:$H$303, 5, FALSE) -> 0 | K58: =IF(VLOOKUP($G58, SeanRanks!$A$2:$H$303, 6, FALSE)=0, "", VLOOKUP($G58, SeanRanks!$A$2:$H$303, 6, FALSE)) -> QB2 - 2 - Not League Winner | L58: =IFERROR(INT(M58/8)+1, 16) -> 16 | M58: =VLOOKUP($G58, 'ADP Data'!$C$4:$Q$300, 9, FALSE) -> 125 | N58: =M58-V58 -> -8 | O58: =VLOOKUP($G58, 'ADP Data'!$C$4:$Q$300, 3, FALSE) -> 135 | P58: =M58-O58 -> -10 | Q58: =VLOOKUP($G58, 'ADP Data'!$C$4:$Q$300, 4, FALSE) -> 127 | R58: =VLOOKUP($G58, 'ADP Data'!$C$4:$Q$300, 5, FALSE) -> 141 | S58: =VLOOKUP($G58, 'ADP Data'!$C$4:$Q$300, 6, FALSE) -> 142 | T58: =VLOOKUP($G58, 'ADP Data'!$C$4:$Q$300, 7, FALSE) -> 131 | U58: =VLOOKUP($G58, 'ADP Data'!$C$4:$Q$300, 8, FALSE) -> 132 | V58: =INT(AVERAGE(M58, O58,Q58:U58)) -> 133 | W58: =IFERROR(INT(V58/8)+1, 16) -> 17 | X58: =D58-W58 -> -11 | Y58: =VLOOKUP($G58, SeanRanks!$A$2:$K$303, 10, FALSE)-V58 -> -4 | Z58: =IF(VLOOKUP($G58, SeanRanks!$A$2:$H$303, 7, FALSE)=0, "", VLOOKUP($G58, SeanRanks!$A$2:$H$303, 7, FALSE)) -> 18
B59: =IFERROR(INT(AVERAGE(Q59:U59)/12)+1, INT(AVERAGE(M59)/12)+1) -> 21 | C59: No | F59: =VLOOKUP(G59, SeanRanks!$A$2:$E$302, 4, FALSE) -> 0 | G59: Anthony Richardson | H59: =VLOOKUP($G59, 'ADP Data'!$C$4:$Q$300, 2, FALSE) -> IND | I59: =VLOOKUP(G59, 'ADP Data'!$C$4:$R$498, 12, FALSE) -> 227 | J59: =VLOOKUP($G59, SeanRanks!$A$2:$H$303, 5, FALSE) -> 0 | K59: =IF(VLOOKUP($G59, SeanRanks!$A$2:$H$303, 6, FALSE)=0, "", VLOOKUP($G59, SeanRanks!$A$2:$H$303, 6, FALSE)) -> QB3 - League Winner? | L59: =IFERROR(INT(M59/8)+1, 16) -> 29 | M59: =VLOOKUP($G59, 'ADP Data'!$C$4:$Q$300, 9, FALSE) -> 224 | N59: =M59-V59 -> -18 | O59: =VLOOKUP($G59, 'ADP Data'!$C$4:$Q$300, 3, FALSE) -> - | P59: =M59-O59 -> #VALUE! | Q59: =VLOOKUP($G59, 'ADP Data'!$C$4:$Q$300, 4, FALSE) -> 241 | R59: =VLOOKUP($G59, 'ADP Data'!$C$4:$Q$300, 5, FALSE) -> 284 | S59: =VLOOKUP($G59, 'ADP Data'!$C$4:$Q$300, 6, FALSE) -> 248 | T59: =VLOOKUP($G59, 'ADP Data'!$C$4:$Q$300, 7, FALSE) -> 230 | U59: =VLOOKUP($G59, 'ADP Data'!$C$4:$Q$300, 8, FALSE) -> 228 | V59: =INT(AVERAGE(M59, O59,Q59:U59)) -> 242 | W59: =IFERROR(INT(V59/8)+1, 16) -> 31 | X59: =D59-W59 -> -31 | Y59: =VLOOKUP($G59, SeanRanks!$A$2:$K$303, 10, FALSE)-V59 -> #VALUE! | Z59: =IF(VLOOKUP($G59, SeanRanks!$A$2:$H$303, 7, FALSE)=0, "", VLOOKUP($G59, SeanRanks!$A$2:$H$303, 7, FALSE))
B60: =IFERROR(INT(AVERAGE(Q60:U60)/12)+1, INT(AVERAGE(M60)/12)+1) -> #N/A | C60: No | F60: =VLOOKUP(G60, SeanRanks!$A$2:$E$302, 4, FALSE) -> #N/A | G60: Tank Dell | H60: =VLOOKUP($G60, 'ADP Data'!$C$4:$Q$300, 2, FALSE) -> #N/A | I60: =VLOOKUP(G60, 'ADP Data'!$C$4:$R$498, 12, FALSE) -> #N/A | J60: =VLOOKUP($G60, SeanRanks!$A$2:$H$303, 5, FALSE) -> #N/A | K60: =IF(VLOOKUP($G60, SeanRanks!$A$2:$H$303, 6, FALSE)=0, "", VLOOKUP($G60, SeanRanks!$A$2:$H$303, 6, FALSE)) -> #N/A | L60: =IFERROR(INT(M60/8)+1, 16) -> 16 | M60: =VLOOKUP($G60, 'ADP Data'!$C$4:$Q$300, 9, FALSE) -> #N/A | N60: =M60-V60 -> #N/A | O60: =VLOOKUP($G60, 'ADP Data'!$C$4:$Q$300, 3, FALSE) -> #N/A | P60: =M60-O60 -> #N/A | Q60: =VLOOKUP($G60, 'ADP Data'!$C$4:$Q$300, 4, FALSE) -> #N/A | R60: =VLOOKUP($G60, 'ADP Data'!$C$4:$Q$300, 5, FALSE) -> #N/A | S60: =VLOOKUP($G60, 'ADP Data'!$C$4:$Q$300, 6, FALSE) -> #N/A | T60: =VLOOKUP($G60, 'ADP Data'!$C$4:$Q$300, 7, FALSE) -> #N/A | U60: =VLOOKUP($G60, 'ADP Data'!$C$4:$Q$300, 8, FALSE) -> #N/A | V60: =INT(AVERAGE(M60, O60,Q60:U60)) -> #N/A | W60: =IFERROR(INT(V60/8)+1, 16) -> 16 | X60: =D60-W60 -> -16 | Y60: =VLOOKUP($G60, SeanRanks!$A$2:$K$303, 10, FALSE)-V60 -> #N/A | Z60: =IF(VLOOKUP($G60, SeanRanks!$A$2:$H$303, 7, FALSE)=0, "", VLOOKUP($G60, SeanRanks!$A$2:$H$303, 7, FALSE)) -> #N/A
B61: =IFERROR(INT(AVERAGE(Q61:U61)/12)+1, INT(AVERAGE(M61)/12)+1) -> 4 | C61: No | D61: 5 | F61: =VLOOKUP(G61, SeanRanks!$A$2:$E$302, 4, FALSE) -> 0 | G61: George Kittle | H61: =VLOOKUP($G61, 'ADP Data'!$C$4:$Q$300, 2, FALSE) -> SF | I61: =VLOOKUP(G61, 'ADP Data'!$C$4:$R$498, 12, FALSE) -> 34 | J61: =VLOOKUP($G61, SeanRanks!$A$2:$H$303, 5, FALSE) -> 0 | K61: =IF(VLOOKUP($G61, SeanRanks!$A$2:$H$303, 6, FALSE)=0, "", VLOOKUP($G61, SeanRanks!$A$2:$H$303, 6, FALSE)) -> TE1 - 1 - Elite | L61: =IFERROR(INT(M61/8)+1, 16) -> 5 | M61: =VLOOKUP($G61, 'ADP Data'!$C$4:$Q$300, 9, FALSE) -> 38 | N61: =M61-V61 -> 1 | O61: =VLOOKUP($G61, 'ADP Data'!$C$4:$Q$300, 3, FALSE) -> 38 | P61: =M61-O61 -> 0 | Q61: =VLOOKUP($G61, 'ADP Data'!$C$4:$Q$300, 4, FALSE) -> 35 | R61: =VLOOKUP($G61, 'ADP Data'!$C$4:$Q$300, 5, FALSE) -> 49 | S61: =VLOOKUP($G61, 'ADP Data'!$C$4:$Q$300, 6, FALSE) -> 24 | T61: =VLOOKUP($G61, 'ADP Data'!$C$4:$Q$300, 7, FALSE) -> 40 | U61: =VLOOKUP($G61, 'ADP Data'!$C$4:$Q$300, 8, FALSE) -> 38 | V61: =INT(AVERAGE(M61, O61,Q61:U61)) -> 37 | W61: =IFERROR(INT(V61/8)+1, 16) -> 5 | X61: =D61-W61 -> 0 | Y61: =VLOOKUP($G61, SeanRanks!$A$2:$K$303, 10, FALSE)-V61 -> -12 | Z61: =IF(VLOOKUP($G61, SeanRanks!$A$2:$H$303, 7, FALSE)=0, "", VLOOKUP($G61, SeanRanks!$A$2:$H$303, 7, FALSE)) -> 3
B62: =IFERROR(INT(AVERAGE(Q62:U62)/12)+1, INT(AVERAGE(M62)/12)+1) -> 6 | C62: No | D62: 4 | F62: =VLOOKUP(G62, SeanRanks!$A$2:$E$302, 4, FALSE) -> 0 | G62: Zay Flowers | H62: =VLOOKUP($G62, 'ADP Data'!$C$4:$Q$300, 2, FALSE) -> BAL | I62: =VLOOKUP(G62, 'ADP Data'!$C$4:$R$498, 12, FALSE) -> 59 | J62: =VLOOKUP($G62, SeanRanks!$A$2:$H$303, 5, FALSE) -> 0 | K62: =IF(VLOOKUP($G62, SeanRanks!$A$2:$H$303, 6, FALSE)=0, "", VLOOKUP($G62, SeanRanks!$A$2:$H$303, 6, FALSE)) -> WR3 - 1 - | L62: =IFERROR(INT(M62/8)+1, 16) -> 7 | M62: =VLOOKUP($G62, 'ADP Data'!$C$4:$Q$300, 9, FALSE) -> 55 | N62: =M62-V62 -> -7 | O62: =VLOOKUP($G62, 'ADP Data'!$C$4:$Q$300, 3, FALSE) -> 63 | P62: =M62-O62 -> -8 | Q62: =VLOOKUP($G62, 'ADP Data'!$C$4:$Q$300, 4, FALSE) -> 55 | R62: =VLOOKUP($G62, 'ADP Data'!$C$4:$Q$300, 5, FALSE) -> 66 | S62: =VLOOKUP($G62, 'ADP Data'!$C$4:$Q$300, 6, FALSE) -> 65 | T62: =VLOOKUP($G62, 'ADP Data'!$C$4:$Q$300, 7, FALSE) -> 57 | U62: =VLOOKUP($G62, 'ADP Data'!$C$4:$Q$300, 8, FALSE) -> 73 | V62: =INT(AVERAGE(M62, O62,Q62:U62)) -> 62 | W62: =IFERROR(INT(V62/8)+1, 16) -> 8 | X62: =D62-W62 -> -4 | Y62: =VLOOKUP($G62, SeanRanks!$A$2:$K$303, 10, FALSE)-V62 -> -10 | Z62: =IF(VLOOKUP($G62, SeanRanks!$A$2:$H$303, 7, FALSE)=0, "", VLOOKUP($G62, SeanRanks!$A$2:$H$303, 7, FALSE)) -> 27
B63: =IFERROR(INT(AVERAGE(Q63:U63)/12)+1, INT(AVERAGE(M63)/12)+1) -> 3 | C63: No | D63: 4 | F63: =VLOOKUP(G63, SeanRanks!$A$2:$E$302, 4, FALSE) -> 0 | G63: Tee Higgins | H63: =VLOOKUP($G63, 'ADP Data'!$C$4:$Q$300, 2, FALSE) -> CIN | I63: =VLOOKUP(G63, 'ADP Data'!$C$4:$R$498, 12, FALSE) -> 25 | J63: =VLOOKUP($G63, SeanRanks!$A$2:$H$303, 5, FALSE) -> 0 | K63: =IF(VLOOKUP($G63, SeanRanks!$A$2:$H$303, 6, FALSE)=0, "", VLOOKUP($G63, SeanRanks!$A$2:$H$303, 6, FALSE)) -> WR1 - 3 - Inconsistent | L63: =IFERROR(INT(M63/8)+1, 16) -> 4 | M63: =VLOOKUP($G63, 'ADP Data'!$C$4:$Q$300, 9, FALSE) -> 31 | N63: =M63-V63 -> 1 | O63: =VLOOKUP($G63, 'ADP Data'!$C$4:$Q$300, 3, FALSE) -> 32 | P63: =M63-O63 -> -1 | Q63: =VLOOKUP($G63, 'ADP Data'!$C$4:$Q$300, 4, FALSE) -> 26 | R63: =VLOOKUP($G63, 'ADP Data'!$C$4:$Q$300, 5, FALSE) -> 33 | S63: =VLOOKUP($G63, 'ADP Data'!$C$4:$Q$300, 6, FALSE) -> 30 | T63: =VLOOKUP($G63, 'ADP Data'!$C$4:$Q$300, 7, FALSE) -> 29 | U63: =VLOOKUP($G63, 'ADP Data'!$C$4:$Q$300, 8, FALSE) -> 33 | V63: =INT(AVERAGE(M63, O63,Q63:U63)) -> 30 | W63: =IFERROR(INT(V63/8)+1, 16) -> 4 | X63: =D63-W63 -> 0 | Y63: =VLOOKUP($G63, SeanRanks!$A$2:$K$303, 10, FALSE)-V63 -> -1 | Z63: =IF(VLOOKUP($G63, SeanRanks!$A$2:$H$303, 7, FALSE)=0, "", VLOOKUP($G63, SeanRanks!$A$2:$H$303, 7, FALSE)) -> 12
B64: =IFERROR(INT(AVERAGE(Q64:U64)/12)+1, INT(AVERAGE(M64)/12)+1) -> 6 | C64: No | D64: 4 | F64: =VLOOKUP(G64, SeanRanks!$A$2:$E$302, 4, FALSE) -> 0 | G64: George Pickens | H64: =VLOOKUP($G64, 'ADP Data'!$C$4:$Q$300, 2, FALSE) -> DAL | I64: =VLOOKUP(G64, 'ADP Data'!$C$4:$R$498, 12, FALSE) -> 45 | J64: =VLOOKUP($G64, SeanRanks!$A$2:$H$303, 5, FALSE) -> Yes | K64: =IF(VLOOKUP($G64, SeanRanks!$A$2:$H$303, 6, FALSE)=0, "", VLOOKUP($G64, SeanRanks!$A$2:$H$303, 6, FALSE)) -> WR2 - 2 - Upside with risk | L64: =IFERROR(INT(M64/8)+1, 16) -> 8 | M64: =VLOOKUP($G64, 'ADP Data'!$C$4:$Q$300, 9, FALSE) -> 62 | N64: =M64-V64 -> -1 | O64: =VLOOKUP($G64, 'ADP Data'!$C$4:$Q$300, 3, FALSE) -> 62 | P64: =M64-O64 -> 0 | Q64: =VLOOKUP($G64, 'ADP Data'!$C$4:$Q$300, 4, FALSE) -> 67 | R64: =VLOOKUP($G64, 'ADP Data'!$C$4:$Q$300, 5, FALSE) -> 73 | S64: =VLOOKUP($G64, 'ADP Data'!$C$4:$Q$300, 6, FALSE) -> 54 | T64: =VLOOKUP($G64, 'ADP Data'!$C$4:$Q$300, 7, FALSE) -> 52 | U64: =VLOOKUP($G64, 'ADP Data'!$C$4:$Q$300, 8, FALSE) -> 75 | V64: =INT(AVERAGE(M64, O64,Q64:U64)) -> 63 | W64: =IFERROR(INT(V64/8)+1, 16) -> 8 | X64: =D64-W64 -> -4 | Y64: =VLOOKUP($G64, SeanRanks!$A$2:$K$303, 10, FALSE)-V64 -> -16 | Z64: =IF(VLOOKUP($G64, SeanRanks!$A$2:$H$303, 7, FALSE)=0, "", VLOOKUP($G64, SeanRanks!$A$2:$H$303, 7, FALSE)) -> 21
B65: =IFERROR(INT(AVERAGE(Q65:U65)/12)+1, INT(AVERAGE(M65)/12)+1) -> 6 | C65: No | D65: 4 | F65: =VLOOKUP(G65, SeanRanks!$A$2:$E$302, 4, FALSE) -> 0 | G65: Rashee Rice | H65: =VLOOKUP($G65, 'ADP Data'!$C$4:$Q$300, 2, FALSE) -> KC | I65: =VLOOKUP(G65, 'ADP Data'!$C$4:$R$498, 12, FALSE) -> 70 | J65: =VLOOKUP($G65, SeanRanks!$A$2:$H$303, 5, FALSE) -> Yes | K65: =IF(VLOOKUP($G65, SeanRanks!$A$2:$H$303, 6, FALSE)=0, "", VLOOKUP($G65, SeanRanks!$A$2:$H$303, 6, FALSE)) -> WR3 - 1 - | L65: =IFERROR(INT(M65/8)+1, 16) -> 7 | M65: =VLOOKUP($G65, 'ADP Data'!$C$4:$Q$300, 9, FALSE) -> 49 | N65: =M65-V65 -> -19 | O65: =VLOOKUP($G65, 'ADP Data'!$C$4:$Q$300, 3, FALSE) -> 84 | P65: =M65-O65 -> -35 | Q65: =VLOOKUP($G65, 'ADP Data'!$C$4:$Q$300, 4, FALSE) -> 71 | R65: =VLOOKUP($G65, 'ADP Data'!$C$4:$Q$300, 5, FALSE) -> 98 | S65: =VLOOKUP($G65, 'ADP Data'!$C$4:$Q$300, 6, FALSE) -> 72 | T65: =VLOOKUP($G65, 'ADP Data'!$C$4:$Q$300, 7, FALSE) -> 60 | U65: =VLOOKUP($G65, 'ADP Data'!$C$4:$Q$300, 8, FALSE) -> 47 | V65: =INT(AVERAGE(M65, O65,Q65:U65)) -> 68 | W65: =IFERROR(INT(V65/8)+1, 16) -> 9 | X65: =D65-W65 -> -5 | Y65: =VLOOKUP($G65, SeanRanks!$A$2:$K$303, 10, FALSE)-V65 -> 6 | Z65: =IF(VLOOKUP($G65, SeanRanks!$A$2:$H$303, 7, FALSE)=0, "", VLOOKUP($G65, SeanRanks!$A$2:$H$303, 7, FALSE)) -> 29
B66: =IFERROR(INT(AVERAGE(Q66:U66)/12)+1, INT(AVERAGE(M66)/12)+1) -> 12 | C66: No | D66: 6 | F66: =VLOOKUP(G66, SeanRanks!$A$2:$E$302, 4, FALSE) -> 0 | G66: Kyle Pitts | H66: =VLOOKUP($G66, 'ADP Data'!$C$4:$Q$300, 2, FALSE) -> ATL | I66: =VLOOKUP(G66, 'ADP Data'!$C$4:$R$498, 12, FALSE) -> 137 | J66: =VLOOKUP($G66, SeanRanks!$A$2:$H$303, 5, FALSE) -> Yes | K66: =IF(VLOOKUP($G66, SeanRanks!$A$2:$H$303, 6, FALSE)=0, "", VLOOKUP($G66, SeanRanks!$A$2:$H$303, 6, FALSE)) -> TE2 - 1 - Big Upside | L66: =IFERROR(INT(M66/8)+1, 16) -> 16 | M66: =VLOOKUP($G66, 'ADP Data'!$C$4:$Q$300, 9, FALSE) -> 121 | N66: =M66-V66 -> -15 | O66: =VLOOKUP($G66, 'ADP Data'!$C$4:$Q$300, 3, FALSE) -> 148 | P66: =M66-O66 -> -27 | Q66: =VLOOKUP($G66, 'ADP Data'!$C$4:$Q$300, 4, FALSE) -> 141 | R66: =VLOOKUP($G66, 'ADP Data'!$C$4:$Q$300, 5, FALSE) -> 166 | S66: =VLOOKUP($G66, 'ADP Data'!$C$4:$Q$300, 6, FALSE) -> 114 | T66: =VLOOKUP($G66, 'ADP Data'!$C$4:$Q$300, 7, FALSE) -> 136 | U66: =VLOOKUP($G66, 'ADP Data'!$C$4:$Q$300, 8, FALSE) -> 129 | V66: =INT(AVERAGE(M66, O66,Q66:U66)) -> 136 | W66: =IFERROR(INT(V66/8)+1, 16) -> 18 | X66: =D66-W66 -> -12 | Y66: =VLOOKUP($G66, SeanRanks!$A$2:$K$303, 10, FALSE)-V66 -> 23 | Z66: =IF(VLOOKUP($G66, SeanRanks!$A$2:$H$303, 7, FALSE)=0, "", VLOOKUP($G66, SeanRanks!$A$2:$H$303, 7, FALSE)) -> 15
B67: =IFERROR(INT(AVERAGE(Q67:U67)/12)+1, INT(AVERAGE(M67)/12)+1) -> 6 | C67: No | D67: 4 | F67: =VLOOKUP(G67, SeanRanks!$A$2:$E$302, 4, FALSE) -> 0 | G67: David Montgomery | H67: =VLOOKUP($G67, 'ADP Data'!$C$4:$Q$300, 2, FALSE) -> DET | I67: =VLOOKUP(G67, 'ADP Data'!$C$4:$R$498, 12, FALSE) -> 74 | J67: =VLOOKUP($G67, SeanRanks!$A$2:$H$303, 5, FALSE) -> 0 | K67: =IF(VLOOKUP($G67, SeanRanks!$A$2:$H$303, 6, FALSE)=0, "", VLOOKUP($G67, SeanRanks!$A$2:$H$303, 6, FALSE)) -> RB2 - 2 - Path to spikes | L67: =IFERROR(INT(M67/8)+1, 16) -> 7 | M67: =VLOOKUP($G67, 'ADP Data'!$C$4:$Q$300, 9, FALSE) -> 52 | N67: =M67-V67 -> -11 | O67: =VLOOKUP($G67, 'ADP Data'!$C$4:$Q$300, 3, FALSE) -> 57 | P67: =M67-O67 -> -5 | Q67: =VLOOKUP($G67, 'ADP Data'!$C$4:$Q$300, 4, FALSE) -> 59 | R67: =VLOOKUP($G67, 'ADP Data'!$C$4:$Q$300, 5, FALSE) -> 74 | S67: =VLOOKUP($G67, 'ADP Data'!$C$4:$Q$300, 6, FALSE) -> 68 | T67: =VLOOKUP($G67, 'ADP Data'!$C$4:$Q$300, 7, FALSE) -> 70 | U67: =VLOOKUP($G67, 'ADP Data'!$C$4:$Q$300, 8, FALSE) -> 67 | V67: =INT(AVERAGE(M67, O67,Q67:U67)) -> 63 | W67: =IFERROR(INT(V67/8)+1, 16) -> 8 | X67: =D67-W67 -> -4 | Y67: =VLOOKUP($G67, SeanRanks!$A$2:$K$303, 10, FALSE)-V67 -> -2 | Z67: =IF(VLOOKUP($G67, SeanRanks!$A$2:$H$303, 7, FALSE)=0, "", VLOOKUP($G67, SeanRanks!$A$2:$H$303, 7, FALSE)) -> 21
B68: =IFERROR(INT(AVERAGE(Q68:U68)/12)+1, INT(AVERAGE(M68)/12)+1) -> 5 | C68: No | D68: 5 | E68: X | F68: =VLOOKUP(G68, SeanRanks!$A$2:$E$302, 4, FALSE) -> 0 | G68: James Conner | H68: =VLOOKUP($G68, 'ADP Data'!$C$4:$Q$300, 2, FALSE) -> ARI | I68: =VLOOKUP(G68, 'ADP Data'!$C$4:$R$498, 12, FALSE) -> 61 | J68: =VLOOKUP($G68, SeanRanks!$A$2:$H$303, 5, FALSE) -> 0 | K68: =IF(VLOOKUP($G68, SeanRanks!$A$2:$H$303, 6, FALSE)=0, "", VLOOKUP($G68, SeanRanks!$A$2:$H$303, 6, FALSE)) -> RB2 - 1 - Clear path to spikes | L68: =IFERROR(INT(M68/8)+1, 16) -> 6 | M68: =VLOOKUP($G68, 'ADP Data'!$C$4:$Q$300, 9, FALSE) -> 47 | N68: =M68-V68 -> -3 | O68: =VLOOKUP($G68, 'ADP Data'!$C$4:$Q$300, 3, FALSE) -> 42 | P68: =M68-O68 -> 5 | Q68: =VLOOKUP($G68, 'ADP Data'!$C$4:$Q$300, 4, FALSE) -> 46 | R68: =VLOOKUP($G68, 'ADP Data'!$C$4:$Q$300, 5, FALSE) -> 65 | S68: =VLOOKUP($G68, 'ADP Data'!$C$4:$Q$300, 6, FALSE) -> 49 | T68: =VLOOKUP($G68, 'ADP Data'!$C$4:$Q$300, 7, FALSE) -> 55 | U68: =VLOOKUP($G68, 'ADP Data'!$C$4:$Q$300, 8, FALSE) -> 49 | V68: =INT(AVERAGE(M68, O68,Q68:U68)) -> 50 | W68: =IFERROR(INT(V68/8)+1, 16) -> 7 | X68: =D68-W68 -> -2 | Y68: =VLOOKUP($G68, SeanRanks!$A$2:$K$303, 10, FALSE)-V68 -> -6 | Z68: =IF(VLOOKUP($G68, SeanRanks!$A$2:$H$303, 7, FALSE)=0, "", VLOOKUP($G68, SeanRanks!$A$2:$H$303, 7, FALSE)) -> 19
B69: =IFERROR(INT(AVERAGE(Q69:U69)/12)+1, INT(AVERAGE(M69)/12)+1) -> 8 | C69: No | D69: 7 | F69: =VLOOKUP(G69, SeanRanks!$A$2:$E$302, 4, FALSE) -> 0 | G69: Evan Engram | H69: =VLOOKUP($G69, 'ADP Data'!$C$4:$Q$300, 2, FALSE) -> DEN | I69: =VLOOKUP(G69, 'ADP Data'!$C$4:$R$498, 12, FALSE) -> 100 | J69: =VLOOKUP($G69, SeanRanks!$A$2:$H$303, 5, FALSE) -> No | K69: =IF(VLOOKUP($G69, SeanRanks!$A$2:$H$303, 6, FALSE)=0, "", VLOOKUP($G69, SeanRanks!$A$2:$H$303, 6, FALSE)) -> TE1 - 3 - Weekly Start | L69: =IFERROR(INT(M69/8)+1, 16) -> 11 | M69: =VLOOKUP($G69, 'ADP Data'!$C$4:$Q$300, 9, FALSE) -> 87 | N69: =M69-V69 -> 0 | O69: =VLOOKUP($G69, 'ADP Data'!$C$4:$Q$300, 3, FALSE) -> 97 | P69: =M69-O69 -> -10 | Q69: =VLOOKUP($G69, 'ADP Data'!$C$4:$Q$300, 4, FALSE) -> 78 | R69: =VLOOKUP($G69, 'ADP Data'!$C$4:$Q$300, 5, FALSE) -> 103 | S69: =VLOOKUP($G69, 'ADP Data'!$C$4:$Q$300, 6, FALSE) -> 75 | T69: =VLOOKUP($G69, 'ADP Data'!$C$4:$Q$300, 7, FALSE) -> 95 | U69: =VLOOKUP($G69, 'ADP Data'!$C$4:$Q$300, 8, FALSE) -> 74 | V69: =INT(AVERAGE(M69, O69,Q69:U69)) -> 87 | W69: =IFERROR(INT(V69/8)+1, 16) -> 11 | X69: =D69-W69 -> -4 | Y69: =VLOOKUP($G69, SeanRanks!$A$2:$K$303, 10, FALSE)-V69 -> 5 | Z69: =IF(VLOOKUP($G69, SeanRanks!$A$2:$H$303, 7, FALSE)=0, "", VLOOKUP($G69, SeanRanks!$A$2:$H$303, 7, FALSE)) -> 8
B70: =IFERROR(INT(AVERAGE(Q70:U70)/12)+1, INT(AVERAGE(M70)/12)+1) -> 4 | C70: No | D70: 4 | F70: =VLOOKUP(G70, SeanRanks!$A$2:$E$302, 4, FALSE) -> 0 | G70: Terry McLaurin | H70: =VLOOKUP($G70, 'ADP Data'!$C$4:$Q$300, 2, FALSE) -> WAS | I70: =VLOOKUP(G70, 'ADP Data'!$C$4:$R$498, 12, FALSE) -> 40 | J70: =VLOOKUP($G70, SeanRanks!$A$2:$H$303, 5, FALSE) -> 0 | K70: =IF(VLOOKUP($G70, SeanRanks!$A$2:$H$303, 6, FALSE)=0, "", VLOOKUP($G70, SeanRanks!$A$2:$H$303, 6, FALSE)) -> WR2 - 2 - Upside with risk | L70: =IFERROR(INT(M70/8)+1, 16) -> 6 | M70: =VLOOKUP($G70, 'ADP Data'!$C$4:$Q$300, 9, FALSE) -> 42 | N70: =M70-V70 -> 0 | O70: =VLOOKUP($G70, 'ADP Data'!$C$4:$Q$300, 3, FALSE) -> 45 | P70: =M70-O70 -> -3 | Q70: =VLOOKUP($G70, 'ADP Data'!$C$4:$Q$300, 4, FALSE) -> 36 | R70: =VLOOKUP($G70, 'ADP Data'!$C$4:$Q$300, 5, FALSE) -> 56 | S70: =VLOOKUP($G70, 'ADP Data'!$C$4:$Q$300, 6, FALSE) -> 46 | T70: =VLOOKUP($G70, 'ADP Data'!$C$4:$Q$300, 7, FALSE) -> 44 | U70: =VLOOKUP($G70, 'ADP Data'!$C$4:$Q$300, 8, FALSE) -> 28 | V70: =INT(AVERAGE(M70, O70,Q70:U70)) -> 42 | W70: =IFERROR(INT(V70/8)+1, 16) -> 6 | X70: =D70-W70 -> -2 | Y70: =VLOOKUP($G70, SeanRanks!$A$2:$K$303, 10, FALSE)-V70 -> -6 | Z70: =IF(VLOOKUP($G70, SeanRanks!$A$2:$H$303, 7, FALSE)=0, "", VLOOKUP($G70, SeanRanks!$A$2:$H$303, 7, FALSE)) -> 17
B71: =IFERROR(INT(AVERAGE(Q71:U71)/12)+1, INT(AVERAGE(M71)/12)+1) -> 7 | C71: No | D71: 5 | F71: =VLOOKUP(G71, SeanRanks!$A$2:$E$302, 4, FALSE) -> 0 | G71: Aaron Jones | H71: =VLOOKUP($G71, 'ADP Data'!$C$4:$Q$300, 2, FALSE) -> MIN | I71: =VLOOKUP(G71, 'ADP Data'!$C$4:$R$498, 12, FALSE) -> 75 | J71: =VLOOKUP($G71, SeanRanks!$A$2:$H$303, 5, FALSE) -> 0 | K71: =IF(VLOOKUP($G71, SeanRanks!$A$2:$H$303, 6, FALSE)=0, "", VLOOKUP($G71, SeanRanks!$A$2:$H$303, 6, FALSE)) -> RB2 - 2 - Path to spikes | L71: =IFERROR(INT(M71/8)+1, 16) -> 9 | M71: =VLOOKUP($G71, 'ADP Data'!$C$4:$Q$300, 9, FALSE) -> 65 | N71: =M71-V71 -> -4 | O71: =VLOOKUP($G71, 'ADP Data'!$C$4:$Q$300, 3, FALSE) -> 56 | P71: =M71-O71 -> 9 | Q71: =VLOOKUP($G71, 'ADP Data'!$C$4:$Q$300, 4, FALSE) -> 70 | R71: =VLOOKUP($G71, 'ADP Data'!$C$4:$Q$300, 5, FALSE) -> 76 | S71: =VLOOKUP($G71, 'ADP Data'!$C$4:$Q$300, 6, FALSE) -> 70 | T71: =VLOOKUP($G71, 'ADP Data'!$C$4:$Q$300, 7, FALSE) -> 74 | U71: =VLOOKUP($G71, 'ADP Data'!$C$4:$Q$300, 8, FALSE) -> 77 | V71: =INT(AVERAGE(M71, O71,Q71:U71)) -> 69 | W71: =IFERROR(INT(V71/8)+1, 16) -> 9 | X71: =D71-W71 -> -4 | Y71: =VLOOKUP($G71, SeanRanks!$A$2:$K$303, 10, FALSE)-V71 -> 1 | Z71: =IF(VLOOKUP($G71, SeanRanks!$A$2:$H$303, 7, FALSE)=0, "", VLOOKUP($G71, SeanRanks!$A$2:$H$303, 7, FALSE)) -> 25
B72: =IFERROR(INT(AVERAGE(Q72:U72)/12)+1, INT(AVERAGE(M72)/12)+1) -> 4 | C72: No | D72: 6 | F72: =VLOOKUP(G72, SeanRanks!$A$2:$E$302, 4, FALSE) -> 0 | G72: Joe Burrow | H72: =VLOOKUP($G72, 'ADP Data'!$C$4:$Q$300, 2, FALSE) -> CIN | I72: =VLOOKUP(G72, 'ADP Data'!$C$4:$R$498, 12, FALSE) -> 53 | J72: =VLOOKUP($G72, SeanRanks!$A$2:$H$303, 5, FALSE) -> 0 | K72: =IF(VLOOKUP($G72, SeanRanks!$A$2:$H$303, 6, FALSE)=0, "", VLOOKUP($G72, SeanRanks!$A$2:$H$303, 6, FALSE)) -> QB1 - 2 - QB1 Upside | L72: =IFERROR(INT(M72/8)+1, 16) -> 6 | M72: =VLOOKUP($G72, 'ADP Data'!$C$4:$Q$300, 9, FALSE) -> 41 | N72: =M72-V72 -> 5 | O72: =VLOOKUP($G72, 'ADP Data'!$C$4:$Q$300, 3, FALSE) -> 25 | P72: =M72-O72 -> 16 | Q72: =VLOOKUP($G72, 'ADP Data'!$C$4:$Q$300, 4, FALSE) -> 33 | R72: =VLOOKUP($G72, 'ADP Data'!$C$4:$Q$300, 5, FALSE) -> 45 | S72: =VLOOKUP($G72, 'ADP Data'!$C$4:$Q$300, 6, FALSE) -> 45 | T72: =VLOOKUP($G72, 'ADP Data'!$C$4:$Q$300, 7, FALSE) -> 32 | U72: =VLOOKUP($G72, 'ADP Data'!$C$4:$Q$300, 8, FALSE) -> 35 | V72: =INT(AVERAGE(M72, O72,Q72:U72)) -> 36 | W72: =IFERROR(INT(V72/8)+1, 16) -> 5 | X72: =D72-W72 -> 1 | Y72: =VLOOKUP($G72, SeanRanks!$A$2:$K$303, 10, FALSE)-V72 -> 17 | Z72: =IF(VLOOKUP($G72, SeanRanks!$A$2:$H$303, 7, FALSE)=0, "", VLOOKUP($G72, SeanRanks!$A$2:$H$303, 7, FALSE)) -> 5
B73: =IFERROR(INT(AVERAGE(Q73:U73)/12)+1, INT(AVERAGE(M73)/12)+1) -> 8 | C73: No | D73: 5 | F73: =VLOOKUP(G73, SeanRanks!$A$2:$E$302, 4, FALSE) -> 0 | G73: Kyler Murray | H73: =VLOOKUP($G73, 'ADP Data'!$C$4:$Q$300, 2, FALSE) -> ARI | I73: =VLOOKUP(G73, 'ADP Data'!$C$4:$R$498, 12, FALSE) -> 104 | J73: =VLOOKUP($G73, SeanRanks!$A$2:$H$303, 5, FALSE) -> 0 | K73: =IF(VLOOKUP($G73, SeanRanks!$A$2:$H$303, 6, FALSE)=0, "", VLOOKUP($G73, SeanRanks!$A$2:$H$303, 6, FALSE)) -> QB1 - 3 - Top 5 Ceiling | L73: =IFERROR(INT(M73/8)+1, 16) -> 12 | M73: =VLOOKUP($G73, 'ADP Data'!$C$4:$Q$300, 9, FALSE) -> 91 | N73: =M73-V73 -> 0 | O73: =VLOOKUP($G73, 'ADP Data'!$C$4:$Q$300, 3, FALSE) -> 82 | P73: =M73-O73 -> 9 | Q73: =VLOOKUP($G73, 'ADP Data'!$C$4:$Q$300, 4, FALSE) -> 77 | R73: =VLOOKUP($G73, 'ADP Data'!$C$4:$Q$300, 5, FALSE) -> 101 | S73: =VLOOKUP($G73, 'ADP Data'!$C$4:$Q$300, 6, FALSE) -> 105 | T73: =VLOOKUP($G73, 'ADP Data'!$C$4:$Q$300, 7, FALSE) -> 104 | U73: =VLOOKUP($G73, 'ADP Data'!$C$4:$Q$300, 8, FALSE) -> 81 | V73: =INT(AVERAGE(M73, O73,Q73:U73)) -> 91 | W73: =IFERROR(INT(V73/8)+1, 16) -> 12 | X73: =D73-W73 -> -7 | Y73: =VLOOKUP($G73, SeanRanks!$A$2:$K$303, 10, FALSE)-V73 -> 7 | Z73: =IF(VLOOKUP($G73, SeanRanks!$A$2:$H$303, 7, FALSE)=0, "", VLOOKUP($G73, SeanRanks!$A$2:$H$303, 7, FALSE)) -> 8
B74: =IFERROR(INT(AVERAGE(Q74:U74)/12)+1, INT(AVERAGE(M74)/12)+1) -> 6 | C74: No | D74: 6 | F74: =VLOOKUP(G74, SeanRanks!$A$2:$E$302, 4, FALSE) -> 0 | G74: Calvin Ridley | H74: =VLOOKUP($G74, 'ADP Data'!$C$4:$Q$300, 2, FALSE) -> TEN | I74: =VLOOKUP(G74, 'ADP Data'!$C$4:$R$498, 12, FALSE) -> 51 | J74: =VLOOKUP($G74, SeanRanks!$A$2:$H$303, 5, FALSE) -> Yes | K74: =IF(VLOOKUP($G74, SeanRanks!$A$2:$H$303, 6, FALSE)=0, "", VLOOKUP($G74, SeanRanks!$A$2:$H$303, 6, FALSE)) -> WR3 - 1 - | L74: =IFERROR(INT(M74/8)+1, 16) -> 10 | M74: =VLOOKUP($G74, 'ADP Data'!$C$4:$Q$300, 9, FALSE) -> 72 | N74: =M74-V74 -> 8 | O74: =VLOOKUP($G74, 'ADP Data'!$C$4:$Q$300, 3, FALSE) -> 67 | P74: =M74-O74 -> 5 | Q74: =VLOOKUP($G74, 'ADP Data'!$C$4:$Q$300, 4, FALSE) -> 60 | R74: =VLOOKUP($G74, 'ADP Data'!$C$4:$Q$300, 5, FALSE) -> 72 | S74: =VLOOKUP($G74, 'ADP Data'!$C$4:$Q$300, 6, FALSE) -> 59 | T74: =VLOOKUP($G74, 'ADP Data'!$C$4:$Q$300, 7, FALSE) -> 54 | U74: =VLOOKUP($G74, 'ADP Data'!$C$4:$Q$300, 8, FALSE) -> 66 | V74: =INT(AVERAGE(M74, O74,Q74:U74)) -> 64 | W74: =IFERROR(INT(V74/8)+1, 16) -> 9 | X74: =D74-W74 -> -3 | Y74: =VLOOKUP($G74, SeanRanks!$A$2:$K$303, 10, FALSE)-V74 -> -6 | Z74: =IF(VLOOKUP($G74, SeanRanks!$A$2:$H$303, 7, FALSE)=0, "", VLOOKUP($G74, SeanRanks!$A$2:$H$303, 7, FALSE)) -> 25
B75: =IFERROR(INT(AVERAGE(Q75:U75)/12)+1, INT(AVERAGE(M75)/12)+1) -> 11 | C75: No | D75: 6 | F75: =VLOOKUP(G75, SeanRanks!$A$2:$E$302, 4, FALSE) -> 0 | G75: Rhamondre Stevenson | H75: =VLOOKUP($G75, 'ADP Data'!$C$4:$Q$300, 2, FALSE) -> NE | I75: =VLOOKUP(G75, 'ADP Data'!$C$4:$R$498, 12, FALSE) -> 135 | J75: =VLOOKUP($G75, SeanRanks!$A$2:$H$303, 5, FALSE) -> 0 | K75: =IF(VLOOKUP($G75, SeanRanks!$A$2:$H$303, 6, FALSE)=0, "", VLOOKUP($G75, SeanRanks!$A$2:$H$303, 6, FALSE)) -> RB3 - 2 - low ceiling | L75: =IFERROR(INT(M75/8)+1, 16) -> 14 | M75: =VLOOKUP($G75, 'ADP Data'!$C$4:$Q$300, 9, FALSE) -> 111 | N75: =M75-V75 -> -6 | O75: =VLOOKUP($G75, 'ADP Data'!$C$4:$Q$300, 3, FALSE) -> 109 | P75: =M75-O75 -> 2 | Q75: =VLOOKUP($G75, 'ADP Data'!$C$4:$Q$300, 4, FALSE) -> 107 | R75: =VLOOKUP($G75, 'ADP Data'!$C$4:$Q$300, 5, FALSE) -> 118 | S75: =VLOOKUP($G75, 'ADP Data'!$C$4:$Q$300, 6, FALSE) -> 126 | T75: =VLOOKUP($G75, 'ADP Data'!$C$4:$Q$300, 7, FALSE) -> 121 | U75: =VLOOKUP($G75, 'ADP Data'!$C$4:$Q$300, 8, FALSE) -> 130 | V75: =INT(AVERAGE(M75, O75,Q75:U75)) -> 117 | W75: =IFERROR(INT(V75/8)+1, 16) -> 15 | X75: =D75-W75 -> -9 | Y75: =VLOOKUP($G75, SeanRanks!$A$2:$K$303, 10, FALSE)-V75 -> -1 | Z75: =IF(VLOOKUP($G75, SeanRanks!$A$2:$H$303, 7, FALSE)=0, "", VLOOKUP($G75, SeanRanks!$A$2:$H$303, 7, FALSE)) -> 37
B76: =IFERROR(INT(AVERAGE(Q76:U76)/12)+1, INT(AVERAGE(M76)/12)+1) -> 9 | C76: No | D76: 7 | F76: =VLOOKUP(G76, SeanRanks!$A$2:$E$302, 4, FALSE) -> 0 | G76: Dak Prescott | H76: =VLOOKUP($G76, 'ADP Data'!$C$4:$Q$300, 2, FALSE) -> DAL | I76: =VLOOKUP(G76, 'ADP Data'!$C$4:$R$498, 12, FALSE) -> 94 | J76: =VLOOKUP($G76, SeanRanks!$A$2:$H$303, 5, FALSE) -> 0 | K76: =IF(VLOOKUP($G76, SeanRanks!$A$2:$H$303, 6, FALSE)=0, "", VLOOKUP($G76, SeanRanks!$A$2:$H$303, 6, FALSE)) -> QB1 - 4 - Weekly Start | L76: =IFERROR(INT(M76/8)+1, 16) -> 15 | M76: =VLOOKUP($G76, 'ADP Data'!$C$4:$Q$300, 9, FALSE) -> 117 | N76: =M76-V76 -> 15 | O76: =VLOOKUP($G76, 'ADP Data'!$C$4:$Q$300, 3, FALSE) -> 77 | P76: =M76-O76 -> 40 | Q76: =VLOOKUP($G76, 'ADP Data'!$C$4:$Q$300, 4, FALSE) -> 99 | R76: =VLOOKUP($G76, 'ADP Data'!$C$4:$Q$300, 5, FALSE) -> 120 | S76: =VLOOKUP($G76, 'ADP Data'!$C$4:$Q$300, 6, FALSE) -> 97 | T76: =VLOOKUP($G76, 'ADP Data'!$C$4:$Q$300, 7, FALSE) -> 87 | U76: =VLOOKUP($G76, 'ADP Data'!$C$4:$Q$300, 8, FALSE) -> 117 | V76: =INT(AVERAGE(M76, O76,Q76:U76)) -> 102 | W76: =IFERROR(INT(V76/8)+1, 16) -> 13 | X76: =D76-W76 -> -6 | Y76: =VLOOKUP($G76, SeanRanks!$A$2:$K$303, 10, FALSE)-V76 -> -14 | Z76: =IF(VLOOKUP($G76, SeanRanks!$A$2:$H$303, 7, FALSE)=0, "", VLOOKUP($G76, SeanRanks!$A$2:$H$303, 7, FALSE)) -> 11
B77: =IFERROR(INT(AVERAGE(Q77:U77)/12)+1, INT(AVERAGE(M77)/12)+1) -> 6 | C77: No | D77: 6 | F77: =VLOOKUP(G77, SeanRanks!$A$2:$E$302, 4, FALSE) -> 0 | G77: D'Andre Swift | H77: =VLOOKUP($G77, 'ADP Data'!$C$4:$Q$300, 2, FALSE) -> CHI | I77: =VLOOKUP(G77, 'ADP Data'!$C$4:$R$498, 12, FALSE) -> 58 | J77: =VLOOKUP($G77, SeanRanks!$A$2:$H$303, 5, FALSE) -> No | K77: =IF(VLOOKUP($G77, SeanRanks!$A$2:$H$303, 6, FALSE)=0, "", VLOOKUP($G77, SeanRanks!$A$2:$H$303, 6, FALSE)) -> RB2 - 2 - Path to spikes | L77: =IFERROR(INT(M77/8)+1, 16) -> 9 | M77: =VLOOKUP($G77, 'ADP Data'!$C$4:$Q$300, 9, FALSE) -> 68 | N77: =M77-V77 -> 8 | O77: =VLOOKUP($G77, 'ADP Data'!$C$4:$Q$300, 3, FALSE) -> 49 | P77: =M77-O77 -> 19 | Q77: =VLOOKUP($G77, 'ADP Data'!$C$4:$Q$300, 4, FALSE) -> 53 | R77: =VLOOKUP($G77, 'ADP Data'!$C$4:$Q$300, 5, FALSE) -> 80 | S77: =VLOOKUP($G77, 'ADP Data'!$C$4:$Q$300, 6, FALSE) -> 56 | T77: =VLOOKUP($G77, 'ADP Data'!$C$4:$Q$300, 7, FALSE) -> 59 | U77: =VLOOKUP($G77, 'ADP Data'!$C$4:$Q$300, 8, FALSE) -> 57 | V77: =INT(AVERAGE(M77, O77,Q77:U77)) -> 60 | W77: =IFERROR(INT(V77/8)+1, 16) -> 8 | X77: =D77-W77 -> -2 | Y77: =VLOOKUP($G77, SeanRanks!$A$2:$K$303, 10, FALSE)-V77 -> 4 | Z77: =IF(VLOOKUP($G77, SeanRanks!$A$2:$H$303, 7, FALSE)=0, "", VLOOKUP($G77, SeanRanks!$A$2:$H$303, 7, FALSE)) -> 26
B78: =IFERROR(INT(AVERAGE(Q78:U78)/12)+1, INT(AVERAGE(M78)/12)+1) -> #N/A | C78: No | D78: 7 | F78: =VLOOKUP(G78, SeanRanks!$A$2:$E$302, 4, FALSE) -> #N/A | G78: Zamir White | H78: =VLOOKUP($G78, 'ADP Data'!$C$4:$Q$300, 2, FALSE) -> #N/A | I78: =VLOOKUP(G78, 'ADP Data'!$C$4:$R$498, 12, FALSE) -> #N/A | J78: =VLOOKUP($G78, SeanRanks!$A$2:$H$303, 5, FALSE) -> #N/A | K78: =IF(VLOOKUP($G78, SeanRanks!$A$2:$H$303, 6, FALSE)=0, "", VLOOKUP($G78, SeanRanks!$A$2:$H$303, 6, FALSE)) -> #N/A | L78: =IFERROR(INT(M78/8)+1, 16) -> 16 | M78: =VLOOKUP($G78, 'ADP Data'!$C$4:$Q$300, 9, FALSE) -> #N/A | N78: =M78-V78 -> #N/A | O78: =VLOOKUP($G78, 'ADP Data'!$C$4:$Q$300, 3, FALSE) -> #N/A | P78: =M78-O78 -> #N/A | Q78: =VLOOKUP($G78, 'ADP Data'!$C$4:$Q$300, 4, FALSE) -> #N/A | R78: =VLOOKUP($G78, 'ADP Data'!$C$4:$Q$300, 5, FALSE) -> #N/A | S78: =VLOOKUP($G78, 'ADP Data'!$C$4:$Q$300, 6, FALSE) -> #N/A | T78: =VLOOKUP($G78, 'ADP Data'!$C$4:$Q$300, 7, FALSE) -> #N/A | U78: =VLOOKUP($G78, 'ADP Data'!$C$4:$Q$300, 8, FALSE) -> #N/A | V78: =INT(AVERAGE(M78, O78,Q78:U78)) -> #N/A | W78: =IFERROR(INT(V78/8)+1, 16) -> 16 | X78: =D78-W78 -> -9 | Y78: =VLOOKUP($G78, SeanRanks!$A$2:$K$303, 10, FALSE)-V78 -> #N/A | Z78: =IF(VLOOKUP($G78, SeanRanks!$A$2:$H$303, 7, FALSE)=0, "", VLOOKUP($G78, SeanRanks!$A$2:$H$303, 7, FALSE)) -> #N/A
B79: =IFERROR(INT(AVERAGE(Q79:U79)/12)+1, INT(AVERAGE(M79)/12)+1) -> 12 | C79: No | D79: 6 | F79: =VLOOKUP(G79, SeanRanks!$A$2:$E$302, 4, FALSE) -> 0 | G79: Christian Kirk | H79: =VLOOKUP($G79, 'ADP Data'!$C$4:$Q$300, 2, FALSE) -> HOU | I79: =VLOOKUP(G79, 'ADP Data'!$C$4:$R$498, 12, FALSE) -> 103 | J79: =VLOOKUP($G79, SeanRanks!$A$2:$H$303, 5, FALSE) -> 0 | K79: =IF(VLOOKUP($G79, SeanRanks!$A$2:$H$303, 6, FALSE)=0, "", VLOOKUP($G79, SeanRanks!$A$2:$H$303, 6, FALSE)) -> WR5 - 2 - floor play not league winner | L79: =IFERROR(INT(M79/8)+1, 16) -> 19 | M79: =VLOOKUP($G79, 'ADP Data'!$C$4:$Q$300, 9, FALSE) -> 148 | N79: =M79-V79 -> 6 | O79: =VLOOKUP($G79, 'ADP Data'!$C$4:$Q$300, 3, FALSE) -> 137 | P79: =M79-O79 -> 11 | Q79: =VLOOKUP($G79, 'ADP Data'!$C$4:$Q$300, 4, FALSE) -> 178 | R79: =VLOOKUP($G79, 'ADP Data'!$C$4:$Q$300, 5, FALSE) -> 124 | S79: =VLOOKUP($G79, 'ADP Data'!$C$4:$Q$300, 6, FALSE) -> 131 | T79: =VLOOKUP($G79, 'ADP Data'!$C$4:$Q$300, 7, FALSE) -> 108 | U79: =VLOOKUP($G79, 'ADP Data'!$C$4:$Q$300, 8, FALSE) -> 172 | V79: =INT(AVERAGE(M79, O79,Q79:U79)) -> 142 | W79: =IFERROR(INT(V79/8)+1, 16) -> 18 | X79: =D79-W79 -> -12 | Y79: =VLOOKUP($G79, SeanRanks!$A$2:$K$303, 10, FALSE)-V79 -> -9 | Z79: =IF(VLOOKUP($G79, SeanRanks!$A$2:$H$303, 7, FALSE)=0, "", VLOOKUP($G79, SeanRanks!$A$2:$H$303, 7, FALSE)) -> 57
B80: =IFERROR(INT(AVERAGE(Q80:U80)/12)+1, INT(AVERAGE(M80)/12)+1) -> 12 | C80: No | D80: s | F80: =VLOOKUP(G80, SeanRanks!$A$2:$E$302, 4, FALSE) -> 0 | G80: Najee Harris | H80: =VLOOKUP($G80, 'ADP Data'!$C$4:$Q$300, 2, FALSE) -> LAC | I80: =VLOOKUP(G80, 'ADP Data'!$C$4:$R$498, 12, FALSE) -> 157 | J80: =VLOOKUP($G80, SeanRanks!$A$2:$H$303, 5, FALSE) -> 0 | K80: =IF(VLOOKUP($G80, SeanRanks!$A$2:$H$303, 6, FALSE)=0, "", VLOOKUP($G80, SeanRanks!$A$2:$H$303, 6, FALSE)) -> RB4 - 1 - Path to spikes | L80: =IFERROR(INT(M80/8)+1, 16) -> 14 | M80: =VLOOKUP($G80, 'ADP Data'!$C$4:$Q$300, 9, FALSE) -> 108 | N80: =M80-V80 -> -29 | O80: =VLOOKUP($G80, 'ADP Data'!$C$4:$Q$300, 3, FALSE) -> 138 | P80: =M80-O80 -> -30 | Q80: =VLOOKUP($G80, 'ADP Data'!$C$4:$Q$300, 4, FALSE) -> 162 | R80: =VLOOKUP($G80, 'ADP Data'!$C$4:$Q$300, 5, FALSE) -> 150 | S80: =VLOOKUP($G80, 'ADP Data'!$C$4:$Q$300, 6, FALSE) -> 148 | T80: =VLOOKUP($G80, 'ADP Data'!$C$4:$Q$300, 7, FALSE) -> 137 | U80: =VLOOKUP($G80, 'ADP Data'!$C$4:$Q$300, 8, FALSE) -> 118 | V80: =INT(AVERAGE(M80, O80,Q80:U80)) -> 137 | W80: =IFERROR(INT(V80/8)+1, 16) -> 18 | X80: =D80-W80 -> #VALUE! | Y80: =VLOOKUP($G80, SeanRanks!$A$2:$K$303, 10, FALSE)-V80 -> 18 | Z80: =IF(VLOOKUP($G80, SeanRanks!$A$2:$H$303, 7, FALSE)=0, "", VLOOKUP($G80, SeanRanks!$A$2:$H$303, 7, FALSE)) -> 39
B81: =IFERROR(INT(AVERAGE(Q81:U81)/12)+1, INT(AVERAGE(M81)/12)+1) -> 9 | C81: No | D81: 6 | F81: =VLOOKUP(G81, SeanRanks!$A$2:$E$302, 4, FALSE) -> 0 | G81: Chris Godwin | H81: =VLOOKUP($G81, 'ADP Data'!$C$4:$Q$300, 2, FALSE) -> TB | I81: =VLOOKUP(G81, 'ADP Data'!$C$4:$R$498, 12, FALSE) -> 117 | J81: =VLOOKUP($G81, SeanRanks!$A$2:$H$303, 5, FALSE) -> 0 | K81: =IF(VLOOKUP($G81, SeanRanks!$A$2:$H$303, 6, FALSE)=0, "", VLOOKUP($G81, SeanRanks!$A$2:$H$303, 6, FALSE)) -> WR4 - 1 - path to WR2 | L81: =IFERROR(INT(M81/8)+1, 16) -> 12 | M81: =VLOOKUP($G81, 'ADP Data'!$C$4:$Q$300, 9, FALSE) -> 90 | N81: =M81-V81 -> -14 | O81: =VLOOKUP($G81, 'ADP Data'!$C$4:$Q$300, 3, FALSE) -> 107 | P81: =M81-O81 -> -17 | Q81: =VLOOKUP($G81, 'ADP Data'!$C$4:$Q$300, 4, FALSE) -> 102 | R81: =VLOOKUP($G81, 'ADP Data'!$C$4:$Q$300, 5, FALSE) -> 127 | S81: =VLOOKUP($G81, 'ADP Data'!$C$4:$Q$300, 6, FALSE) -> 118 | T81: =VLOOKUP($G81, 'ADP Data'!$C$4:$Q$300, 7, FALSE) -> 100 | U81: =VLOOKUP($G81, 'ADP Data'!$C$4:$Q$300, 8, FALSE) -> 90 | V81: =INT(AVERAGE(M81, O81,Q81:U81)) -> 104 | W81: =IFERROR(INT(V81/8)+1, 16) -> 14 | X81: =D81-W81 -> -8 | Y81: =VLOOKUP($G81, SeanRanks!$A$2:$K$303, 10, FALSE)-V81 -> 23 | Z81: =IF(VLOOKUP($G81, SeanRanks!$A$2:$H$303, 7, FALSE)=0, "", VLOOKUP($G81, SeanRanks!$A$2:$H$303, 7, FALSE)) -> 42
B82: =IFERROR(INT(AVERAGE(Q82:U82)/12)+1, INT(AVERAGE(M82)/12)+1) -> 12 | C82: No | F82: =VLOOKUP(G82, SeanRanks!$A$2:$E$302, 4, FALSE) -> 0 | G82: Jordan Love | H82: =VLOOKUP($G82, 'ADP Data'!$C$4:$Q$300, 2, FALSE) -> GB | I82: =VLOOKUP(G82, 'ADP Data'!$C$4:$R$498, 12, FALSE) -> 133 | J82: =VLOOKUP($G82, SeanRanks!$A$2:$H$303, 5, FALSE) -> 0 | K82: =IF(VLOOKUP($G82, SeanRanks!$A$2:$H$303, 6, FALSE)=0, "", VLOOKUP($G82, SeanRanks!$A$2:$H$303, 6, FALSE)) -> QB2 - 1 - League Winner | L82: =IFERROR(INT(M82/8)+1, 16) -> 18 | M82: =VLOOKUP($G82, 'ADP Data'!$C$4:$Q$300, 9, FALSE) -> 142 | N82: =M82-V82 -> 5 | O82: =VLOOKUP($G82, 'ADP Data'!$C$4:$Q$300, 3, FALSE) -> 123 | P82: =M82-O82 -> 19 | Q82: =VLOOKUP($G82, 'ADP Data'!$C$4:$Q$300, 4, FALSE) -> 125 | R82: =VLOOKUP($G82, 'ADP Data'!$C$4:$Q$300, 5, FALSE) -> 160 | S82: =VLOOKUP($G82, 'ADP Data'!$C$4:$Q$300, 6, FALSE) -> 147 | T82: =VLOOKUP($G82, 'ADP Data'!$C$4:$Q$300, 7, FALSE) -> 127 | U82: =VLOOKUP($G82, 'ADP Data'!$C$4:$Q$300, 8, FALSE) -> 140 | V82: =INT(AVERAGE(M82, O82,Q82:U82)) -> 137 | W82: =IFERROR(INT(V82/8)+1, 16) -> 18 | X82: =D82-W82 -> -18 | Y82: =VLOOKUP($G82, SeanRanks!$A$2:$K$303, 10, FALSE)-V82 -> -26 | Z82: =IF(VLOOKUP($G82, SeanRanks!$A$2:$H$303, 7, FALSE)=0, "", VLOOKUP($G82, SeanRanks!$A$2:$H$303, 7, FALSE)) -> 15
B83: =IFERROR(INT(AVERAGE(Q83:U83)/12)+1, INT(AVERAGE(M83)/12)+1) -> 21 | C83: No | D83: 6 | F83: =VLOOKUP(G83, SeanRanks!$A$2:$E$302, 4, FALSE) -> 0 | G83: Raheem Mostert | H83: =VLOOKUP($G83, 'ADP Data'!$C$4:$Q$300, 2, FALSE) -> LV | I83: =VLOOKUP(G83, 'ADP Data'!$C$4:$R$498, 12, FALSE) -> 245 | J83: =VLOOKUP($G83, SeanRanks!$A$2:$H$303, 5, FALSE) -> 0 | K83: =IF(VLOOKUP($G83, SeanRanks!$A$2:$H$303, 6, FALSE)=0, "", VLOOKUP($G83, SeanRanks!$A$2:$H$303, 6, FALSE)) | L83: =IFERROR(INT(M83/8)+1, 16) -> 33 | M83: =VLOOKUP($G83, 'ADP Data'!$C$4:$Q$300, 9, FALSE) -> 260 | N83: =M83-V83 -> 19 | O83: =VLOOKUP($G83, 'ADP Data'!$C$4:$Q$300, 3, FALSE) -> 191 | P83: =M83-O83 -> 69 | Q83: =VLOOKUP($G83, 'ADP Data'!$C$4:$Q$300, 4, FALSE) -> - | R83: =VLOOKUP($G83, 'ADP Data'!$C$4:$Q$300, 5, FALSE) -> 288 | S83: =VLOOKUP($G83, 'ADP Data'!$C$4:$Q$300, 6, FALSE) -> 221 | T83: =VLOOKUP($G83, 'ADP Data'!$C$4:$Q$300, 7, FALSE) -> 242 | U83: =VLOOKUP($G83, 'ADP Data'!$C$4:$Q$300, 8, FALSE) -> 247 | V83: =INT(AVERAGE(M83, O83,Q83:U83)) -> 241 | W83: =IFERROR(INT(V83/8)+1, 16) -> 31 | X83: =D83-W83 -> -25 | Y83: =VLOOKUP($G83, SeanRanks!$A$2:$K$303, 10, FALSE)-V83 -> #VALUE! | Z83: =IF(VLOOKUP($G83, SeanRanks!$A$2:$H$303, 7, FALSE)=0, "", VLOOKUP($G83, SeanRanks!$A$2:$H$303, 7, FALSE))
B84: =IFERROR(INT(AVERAGE(Q84:U84)/12)+1, INT(AVERAGE(M84)/12)+1) -> 13 | C84: No | D84: 6 | F84: =VLOOKUP(G84, SeanRanks!$A$2:$E$302, 4, FALSE) -> 0 | G84: Keenan Allen | H84: =VLOOKUP($G84, 'ADP Data'!$C$4:$Q$300, 2, FALSE) -> LAC | I84: =VLOOKUP(G84, 'ADP Data'!$C$4:$R$498, 12, FALSE) -> 113 | J84: =VLOOKUP($G84, SeanRanks!$A$2:$H$303, 5, FALSE) -> 0 | K84: =IF(VLOOKUP($G84, SeanRanks!$A$2:$H$303, 6, FALSE)=0, "", VLOOKUP($G84, SeanRanks!$A$2:$H$303, 6, FALSE)) -> WR5 - 2 - floor play not league winner | L84: =IFERROR(INT(M84/8)+1, 16) -> 21 | M84: =VLOOKUP($G84, 'ADP Data'!$C$4:$Q$300, 9, FALSE) -> 164 | N84: =M84-V84 -> 15 | O84: =VLOOKUP($G84, 'ADP Data'!$C$4:$Q$300, 3, FALSE) -> 150 | P84: =M84-O84 -> 14 | Q84: =VLOOKUP($G84, 'ADP Data'!$C$4:$Q$300, 4, FALSE) -> 118 | R84: =VLOOKUP($G84, 'ADP Data'!$C$4:$Q$300, 5, FALSE) -> 136 | S84: =VLOOKUP($G84, 'ADP Data'!$C$4:$Q$300, 6, FALSE) -> 134 | T84: =VLOOKUP($G84, 'ADP Data'!$C$4:$Q$300, 7, FALSE) -> 122 | U84: =VLOOKUP($G84, 'ADP Data'!$C$4:$Q$300, 8, FALSE) -> 222 | V84: =INT(AVERAGE(M84, O84,Q84:U84)) -> 149 | W84: =IFERROR(INT(V84/8)+1, 16) -> 19 | X84: =D84-W84 -> -13 | Y84: =VLOOKUP($G84, SeanRanks!$A$2:$K$303, 10, FALSE)-V84 -> -9 | Z84: =IF(VLOOKUP($G84, SeanRanks!$A$2:$H$303, 7, FALSE)=0, "", VLOOKUP($G84, SeanRanks!$A$2:$H$303, 7, FALSE)) -> 58
B85: =IFERROR(INT(AVERAGE(Q85:U85)/12)+1, INT(AVERAGE(M85)/12)+1) -> 12 | C85: No | D85: 9 | F85: =VLOOKUP(G85, SeanRanks!$A$2:$E$302, 4, FALSE) -> 0 | G85: Jake Ferguson | H85: =VLOOKUP($G85, 'ADP Data'!$C$4:$Q$300, 2, FALSE) -> DAL | I85: =VLOOKUP(G85, 'ADP Data'!$C$4:$R$498, 12, FALSE) -> 138 | J85: =VLOOKUP($G85, SeanRanks!$A$2:$H$303, 5, FALSE) -> Yes | K85: =IF(VLOOKUP($G85, SeanRanks!$A$2:$H$303, 6, FALSE)=0, "", VLOOKUP($G85, SeanRanks!$A$2:$H$303, 6, FALSE)) -> TE2 - 1 - Big Upside | L85: =IFERROR(INT(M85/8)+1, 16) -> 18 | M85: =VLOOKUP($G85, 'ADP Data'!$C$4:$Q$300, 9, FALSE) -> 137 | N85: =M85-V85 -> 0 | O85: =VLOOKUP($G85, 'ADP Data'!$C$4:$Q$300, 3, FALSE) -> 139 | P85: =M85-O85 -> -2 | Q85: =VLOOKUP($G85, 'ADP Data'!$C$4:$Q$300, 4, FALSE) -> 137 | R85: =VLOOKUP($G85, 'ADP Data'!$C$4:$Q$300, 5, FALSE) -> 163 | S85: =VLOOKUP($G85, 'ADP Data'!$C$4:$Q$300, 6, FALSE) -> 100 | T85: =VLOOKUP($G85, 'ADP Data'!$C$4:$Q$300, 7, FALSE) -> 130 | U85: =VLOOKUP($G85, 'ADP Data'!$C$4:$Q$300, 8, FALSE) -> 159 | V85: =INT(AVERAGE(M85, O85,Q85:U85)) -> 137 | W85: =IFERROR(INT(V85/8)+1, 16) -> 18 | X85: =D85-W85 -> -9 | Y85: =VLOOKUP($G85, SeanRanks!$A$2:$K$303, 10, FALSE)-V85 -> -22 | Z85: =IF(VLOOKUP($G85, SeanRanks!$A$2:$H$303, 7, FALSE)=0, "", VLOOKUP($G85, SeanRanks!$A$2:$H$303, 7, FALSE)) -> 14
A86: Yes | B86: =IFERROR(INT(AVERAGE(Q86:U86)/12)+1, INT(AVERAGE(M86)/12)+1) -> #N/A | C86: No | D86: 6 | F86: =VLOOKUP(G86, SeanRanks!$A$2:$E$302, 4, FALSE) -> 0 | G86: Diontae Johnson | H86: =VLOOKUP($G86, 'ADP Data'!$C$4:$Q$300, 2, FALSE) -> #N/A | I86: =VLOOKUP(G86, 'ADP Data'!$C$4:$R$498, 12, FALSE) -> #N/A | J86: =VLOOKUP($G86, SeanRanks!$A$2:$H$303, 5, FALSE) -> 0 | K86: =IF(VLOOKUP($G86, SeanRanks!$A$2:$H$303, 6, FALSE)=0, "", VLOOKUP($G86, SeanRanks!$A$2:$H$303, 6, FALSE)) | L86: =IFERROR(INT(M86/8)+1, 16) -> 16 | M86: =VLOOKUP($G86, 'ADP Data'!$C$4:$Q$300, 9, FALSE) -> #N/A | N86: =M86-V86 -> #N/A | O86: =VLOOKUP($G86, 'ADP Data'!$C$4:$Q$300, 3, FALSE) -> #N/A | P86: =M86-O86 -> #N/A | Q86: =VLOOKUP($G86, 'ADP Data'!$C$4:$Q$300, 4, FALSE) -> #N/A | R86: =VLOOKUP($G86, 'ADP Data'!$C$4:$Q$300, 5, FALSE) -> #N/A | S86: =VLOOKUP($G86, 'ADP Data'!$C$4:$Q$300, 6, FALSE) -> #N/A | T86: =VLOOKUP($G86, 'ADP Data'!$C$4:$Q$300, 7, FALSE) -> #N/A | U86: =VLOOKUP($G86, 'ADP Data'!$C$4:$Q$300, 8, FALSE) -> #N/A | V86: =INT(AVERAGE(M86, O86,Q86:U86)) -> #N/A | W86: =IFERROR(INT(V86/8)+1, 16) -> 16 | X86: =D86-W86 -> -10 | Y86: =VLOOKUP($G86, SeanRanks!$A$2:$K$303, 10, FALSE)-V86 -> #N/A | Z86: =IF(VLOOKUP($G86, SeanRanks!$A$2:$H$303, 7, FALSE)=0, "", VLOOKUP($G86, SeanRanks!$A$2:$H$303, 7, FALSE))
B87: =IFERROR(INT(AVERAGE(Q87:U87)/12)+1, INT(AVERAGE(M87)/12)+1) -> 11 | C87: No | D87: 6 | F87: =VLOOKUP(G87, SeanRanks!$A$2:$E$302, 4, FALSE) -> 0 | G87: Jayden Reed | H87: =VLOOKUP($G87, 'ADP Data'!$C$4:$Q$300, 2, FALSE) -> GB | I87: =VLOOKUP(G87, 'ADP Data'!$C$4:$R$498, 12, FALSE) -> 107 | J87: =VLOOKUP($G87, SeanRanks!$A$2:$H$303, 5, FALSE) -> 0 | K87: =IF(VLOOKUP($G87, SeanRanks!$A$2:$H$303, 6, FALSE)=0, "", VLOOKUP($G87, SeanRanks!$A$2:$H$303, 6, FALSE)) -> WR4 - 2 - unclear path to WR2 | L87: =IFERROR(INT(M87/8)+1, 16) -> 13 | M87: =VLOOKUP($G87, 'ADP Data'!$C$4:$Q$300, 9, FALSE) -> 99 | N87: =M87-V87 -> -24 | O87: =VLOOKUP($G87, 'ADP Data'!$C$4:$Q$300, 3, FALSE) -> 134 | P87: =M87-O87 -> -35 | Q87: =VLOOKUP($G87, 'ADP Data'!$C$4:$Q$300, 4, FALSE) -> 128 | R87: =VLOOKUP($G87, 'ADP Data'!$C$4:$Q$300, 5, FALSE) -> 145 | S87: =VLOOKUP($G87, 'ADP Data'!$C$4:$Q$300, 6, FALSE) -> 116 | T87: =VLOOKUP($G87, 'ADP Data'!$C$4:$Q$300, 7, FALSE) -> 105 | U87: =VLOOKUP($G87, 'ADP Data'!$C$4:$Q$300, 8, FALSE) -> 134 | V87: =INT(AVERAGE(M87, O87,Q87:U87)) -> 123 | W87: =IFERROR(INT(V87/8)+1, 16) -> 16 | X87: =D87-W87 -> -10 | Y87: =VLOOKUP($G87, SeanRanks!$A$2:$K$303, 10, FALSE)-V87 -> -13 | Z87: =IF(VLOOKUP($G87, SeanRanks!$A$2:$H$303, 7, FALSE)=0, "", VLOOKUP($G87, SeanRanks!$A$2:$H$303, 7, FALSE)) -> 43
B88: =IFERROR(INT(AVERAGE(Q88:U88)/12)+1, INT(AVERAGE(M88)/12)+1) -> 6 | C88: NO | D88: 6 | F88: =VLOOKUP(G88, SeanRanks!$A$2:$E$302, 4, FALSE) -> 0 | G88: Tony Pollard | H88: =VLOOKUP($G88, 'ADP Data'!$C$4:$Q$300, 2, FALSE) -> TEN | I88: =VLOOKUP(G88, 'ADP Data'!$C$4:$R$498, 12, FALSE) -> 62 | J88: =VLOOKUP($G88, SeanRanks!$A$2:$H$303, 5, FALSE) -> 0 | K88: =IF(VLOOKUP($G88, SeanRanks!$A$2:$H$303, 6, FALSE)=0, "", VLOOKUP($G88, SeanRanks!$A$2:$H$303, 6, FALSE)) -> RB2 - 2 - Path to spikes | L88: =IFERROR(INT(M88/8)+1, 16) -> 9 | M88: =VLOOKUP($G88, 'ADP Data'!$C$4:$Q$300, 9, FALSE) -> 69 | N88: =M88-V88 -> 1 | O88: =VLOOKUP($G88, 'ADP Data'!$C$4:$Q$300, 3, FALSE) -> 59 | P88: =M88-O88 -> 10 | Q88: =VLOOKUP($G88, 'ADP Data'!$C$4:$Q$300, 4, FALSE) -> 69 | R88: =VLOOKUP($G88, 'ADP Data'!$C$4:$Q$300, 5, FALSE) -> 79 | S88: =VLOOKUP($G88, 'ADP Data'!$C$4:$Q$300, 6, FALSE) -> 58 | T88: =VLOOKUP($G88, 'ADP Data'!$C$4:$Q$300, 7, FALSE) -> 69 | U88: =VLOOKUP($G88, 'ADP Data'!$C$4:$Q$300, 8, FALSE) -> 78 | V88: =INT(AVERAGE(M88, O88,Q88:U88)) -> 68 | W88: =IFERROR(INT(V88/8)+1, 16) -> 9 | X88: =D88-W88 -> -3 | Y88: =VLOOKUP($G88, SeanRanks!$A$2:$K$303, 10, FALSE)-V88 -> -14 | Z88: =IF(VLOOKUP($G88, SeanRanks!$A$2:$H$303, 7, FALSE)=0, "", VLOOKUP($G88, SeanRanks!$A$2:$H$303, 7, FALSE)) -> 24
B89: =IFERROR(INT(AVERAGE(Q89:U89)/12)+1, INT(AVERAGE(M89)/12)+1) -> 5 | C89: No | D89: 7 | F89: =VLOOKUP(G89, SeanRanks!$A$2:$E$302, 4, FALSE) -> 0 | G89: Xavier Worthy | H89: =VLOOKUP($G89, 'ADP Data'!$C$4:$Q$300, 2, FALSE) -> KC | I89: =VLOOKUP(G89, 'ADP Data'!$C$4:$R$498, 12, FALSE) -> 43 | J89: =VLOOKUP($G89, SeanRanks!$A$2:$H$303, 5, FALSE) -> 0 | K89: =IF(VLOOKUP($G89, SeanRanks!$A$2:$H$303, 6, FALSE)=0, "", VLOOKUP($G89, SeanRanks!$A$2:$H$303, 6, FALSE)) -> WR2 - 2 - Upside with risk | L89: =IFERROR(INT(M89/8)+1, 16) -> 8 | M89: =VLOOKUP($G89, 'ADP Data'!$C$4:$Q$300, 9, FALSE) -> 58 | N89: =M89-V89 -> 5 | O89: =VLOOKUP($G89, 'ADP Data'!$C$4:$Q$300, 3, FALSE) -> 50 | P89: =M89-O89 -> 8 | Q89: =VLOOKUP($G89, 'ADP Data'!$C$4:$Q$300, 4, FALSE) -> 50 | R89: =VLOOKUP($G89, 'ADP Data'!$C$4:$Q$300, 5, FALSE) -> 57 | S89: =VLOOKUP($G89, 'ADP Data'!$C$4:$Q$300, 6, FALSE) -> 48 | T89: =VLOOKUP($G89, 'ADP Data'!$C$4:$Q$300, 7, FALSE) -> 45 | U89: =VLOOKUP($G89, 'ADP Data'!$C$4:$Q$300, 8, FALSE) -> 68 | V89: =INT(AVERAGE(M89, O89,Q89:U89)) -> 53 | W89: =IFERROR(INT(V89/8)+1, 16) -> 7 | X89: =D89-W89 -> 0 | Y89: =VLOOKUP($G89, SeanRanks!$A$2:$K$303, 10, FALSE)-V89 -> -2 | Z89: =IF(VLOOKUP($G89, SeanRanks!$A$2:$H$303, 7, FALSE)=0, "", VLOOKUP($G89, SeanRanks!$A$2:$H$303, 7, FALSE)) -> 22
B90: =IFERROR(INT(AVERAGE(Q90:U90)/12)+1, INT(AVERAGE(M90)/12)+1) -> 8 | C90: No | D90: 9 | F90: =VLOOKUP(G90, SeanRanks!$A$2:$E$302, 4, FALSE) -> 0 | G90: David Njoku | H90: =VLOOKUP($G90, 'ADP Data'!$C$4:$Q$300, 2, FALSE) -> CLE | I90: =VLOOKUP(G90, 'ADP Data'!$C$4:$R$498, 12, FALSE) -> 105 | J90: =VLOOKUP($G90, SeanRanks!$A$2:$H$303, 5, FALSE) -> 0 | K90: =IF(VLOOKUP($G90, SeanRanks!$A$2:$H$303, 6, FALSE)=0, "", VLOOKUP($G90, SeanRanks!$A$2:$H$303, 6, FALSE)) -> TE1 - 3 - Weekly Start | L90: =IFERROR(INT(M90/8)+1, 16) -> 12 | M90: =VLOOKUP($G90, 'ADP Data'!$C$4:$Q$300, 9, FALSE) -> 92 | N90: =M90-V90 -> 6 | O90: =VLOOKUP($G90, 'ADP Data'!$C$4:$Q$300, 3, FALSE) -> 74 | P90: =M90-O90 -> 18 | Q90: =VLOOKUP($G90, 'ADP Data'!$C$4:$Q$300, 4, FALSE) -> 72 | R90: =VLOOKUP($G90, 'ADP Data'!$C$4:$Q$300, 5, FALSE) -> 108 | S90: =VLOOKUP($G90, 'ADP Data'!$C$4:$Q$300, 6, FALSE) -> 76 | T90: =VLOOKUP($G90, 'ADP Data'!$C$4:$Q$300, 7, FALSE) -> 101 | U90: =VLOOKUP($G90, 'ADP Data'!$C$4:$Q$300, 8, FALSE) -> 85 | V90: =INT(AVERAGE(M90, O90,Q90:U90)) -> 86 | W90: =IFERROR(INT(V90/8)+1, 16) -> 11 | X90: =D90-W90 -> -2 | Y90: =VLOOKUP($G90, SeanRanks!$A$2:$K$303, 10, FALSE)-V90 -> 11 | Z90: =IF(VLOOKUP($G90, SeanRanks!$A$2:$H$303, 7, FALSE)=0, "", VLOOKUP($G90, SeanRanks!$A$2:$H$303, 7, FALSE)) -> 10
B91: =IFERROR(INT(AVERAGE(Q91:U91)/12)+1, INT(AVERAGE(M91)/12)+1) -> 10 | C91: No | D91: 7 | F91: =VLOOKUP(G91, SeanRanks!$A$2:$E$302, 4, FALSE) -> 0 | G91: Javonte Williams | H91: =VLOOKUP($G91, 'ADP Data'!$C$4:$Q$300, 2, FALSE) -> DAL | I91: =VLOOKUP(G91, 'ADP Data'!$C$4:$R$498, 12, FALSE) -> 122 | J91: =VLOOKUP($G91, SeanRanks!$A$2:$H$303, 5, FALSE) -> No | K91: =IF(VLOOKUP($G91, SeanRanks!$A$2:$H$303, 6, FALSE)=0, "", VLOOKUP($G91, SeanRanks!$A$2:$H$303, 6, FALSE)) -> RB4 - 2 - low ceiling | L91: =IFERROR(INT(M91/8)+1, 16) -> 13 | M91: =VLOOKUP($G91, 'ADP Data'!$C$4:$Q$300, 9, FALSE) -> 100 | N91: =M91-V91 -> -12 | O91: =VLOOKUP($G91, 'ADP Data'!$C$4:$Q$300, 3, FALSE) -> 108 | P91: =M91-O91 -> -8 | Q91: =VLOOKUP($G91, 'ADP Data'!$C$4:$Q$300, 4, FALSE) -> 103 | R91: =VLOOKUP($G91, 'ADP Data'!$C$4:$Q$300, 5, FALSE) -> 117 | S91: =VLOOKUP($G91, 'ADP Data'!$C$4:$Q$300, 6, FALSE) -> 106 | T91: =VLOOKUP($G91, 'ADP Data'!$C$4:$Q$300, 7, FALSE) -> 106 | U91: =VLOOKUP($G91, 'ADP Data'!$C$4:$Q$300, 8, FALSE) -> 150 | V91: =INT(AVERAGE(M91, O91,Q91:U91)) -> 112 | W91: =IFERROR(INT(V91/8)+1, 16) -> 15 | X91: =D91-W91 -> -8 | Y91: =VLOOKUP($G91, SeanRanks!$A$2:$K$303, 10, FALSE)-V91 -> 0 | Z91: =IF(VLOOKUP($G91, SeanRanks!$A$2:$H$303, 7, FALSE)=0, "", VLOOKUP($G91, SeanRanks!$A$2:$H$303, 7, FALSE)) -> 52
A92: Yes | B92: =IFERROR(INT(AVERAGE(Q92:U92)/12)+1, INT(AVERAGE(M92)/12)+1) -> 8 | C92: No | D92: 6 | F92: =VLOOKUP(G92, SeanRanks!$A$2:$E$302, 4, FALSE) -> 0 | G92: Jaylen Warren | H92: =VLOOKUP($G92, 'ADP Data'!$C$4:$Q$300, 2, FALSE) -> PIT | I92: =VLOOKUP(G92, 'ADP Data'!$C$4:$R$498, 12, FALSE) -> 86 | J92: =VLOOKUP($G92, SeanRanks!$A$2:$H$303, 5, FALSE) -> 0 | K92: =IF(VLOOKUP($G92, SeanRanks!$A$2:$H$303, 6, FALSE)=0, "", VLOOKUP($G92, SeanRanks!$A$2:$H$303, 6, FALSE)) -> RB3 - 2 - low ceiling | L92: =IFERROR(INT(M92/8)+1, 16) -> 11 | M92: =VLOOKUP($G92, 'ADP Data'!$C$4:$Q$300, 9, FALSE) -> 86 | N92: =M92-V92 -> -4 | O92: =VLOOKUP($G92, 'ADP Data'!$C$4:$Q$300, 3, FALSE) -> 88 | P92: =M92-O92 -> -2 | Q92: =VLOOKUP($G92, 'ADP Data'!$C$4:$Q$300, 4, FALSE) -> 85 | R92: =VLOOKUP($G92, 'ADP Data'!$C$4:$Q$300, 5, FALSE) -> 96 | S92: =VLOOKUP($G92, 'ADP Data'!$C$4:$Q$300, 6, FALSE) -> 84 | T92: =VLOOKUP($G92, 'ADP Data'!$C$4:$Q$300, 7, FALSE) -> 86 | U92: =VLOOKUP($G92, 'ADP Data'!$C$4:$Q$300, 8, FALSE) -> 107 | V92: =INT(AVERAGE(M92, O92,Q92:U92)) -> 90 | W92: =IFERROR(INT(V92/8)+1, 16) -> 12 | X92: =D92-W92 -> -6 | Y92: =VLOOKUP($G92, SeanRanks!$A$2:$K$303, 10, FALSE)-V92 -> -15 | Z92: =IF(VLOOKUP($G92, SeanRanks!$A$2:$H$303, 7, FALSE)=0, "", VLOOKUP($G92, SeanRanks!$A$2:$H$303, 7, FALSE)) -> 35
B93: =IFERROR(INT(AVERAGE(Q93:U93)/12)+1, INT(AVERAGE(M93)/12)+1) -> 7 | C93: No | D93: 9 | F93: =VLOOKUP(G93, SeanRanks!$A$2:$E$302, 4, FALSE) -> 0 | G93: Rome Odunze | H93: =VLOOKUP($G93, 'ADP Data'!$C$4:$Q$300, 2, FALSE) -> CHI | I93: =VLOOKUP(G93, 'ADP Data'!$C$4:$R$498, 12, FALSE) -> 66 | J93: =VLOOKUP($G93, SeanRanks!$A$2:$H$303, 5, FALSE) -> 0 | K93: =IF(VLOOKUP($G93, SeanRanks!$A$2:$H$303, 6, FALSE)=0, "", VLOOKUP($G93, SeanRanks!$A$2:$H$303, 6, FALSE)) -> WR3 - 2 - mid, but path to big upside | L93: =IFERROR(INT(M93/8)+1, 16) -> 11 | M93: =VLOOKUP($G93, 'ADP Data'!$C$4:$Q$300, 9, FALSE) -> 80 | N93: =M93-V93 -> 0 | O93: =VLOOKUP($G93, 'ADP Data'!$C$4:$Q$300, 3, FALSE) -> 99 | P93: =M93-O93 -> -19 | Q93: =VLOOKUP($G93, 'ADP Data'!$C$4:$Q$300, 4, FALSE) -> 76 | R93: =VLOOKUP($G93, 'ADP Data'!$C$4:$Q$300, 5, FALSE) -> 75 | S93: =VLOOKUP($G93, 'ADP Data'!$C$4:$Q$300, 6, FALSE) -> 77 | T93: =VLOOKUP($G93, 'ADP Data'!$C$4:$Q$300, 7, FALSE) -> 64 | U93: =VLOOKUP($G93, 'ADP Data'!$C$4:$Q$300, 8, FALSE) -> 89 | V93: =INT(AVERAGE(M93, O93,Q93:U93)) -> 80 | W93: =IFERROR(INT(V93/8)+1, 16) -> 11 | X93: =D93-W93 -> -2 | Y93: =VLOOKUP($G93, SeanRanks!$A$2:$K$303, 10, FALSE)-V93 -> -17 | Z93: =IF(VLOOKUP($G93, SeanRanks!$A$2:$H$303, 7, FALSE)=0, "", VLOOKUP($G93, SeanRanks!$A$2:$H$303, 7, FALSE)) -> 33
B94: =IFERROR(INT(AVERAGE(Q94:U94)/12)+1, INT(AVERAGE(M94)/12)+1) -> 3 | C94: No | D94: 6 | F94: =VLOOKUP(G94, SeanRanks!$A$2:$E$302, 4, FALSE) -> 0 | G94: Jaxon Smith-Njigba | H94: =VLOOKUP($G94, 'ADP Data'!$C$4:$Q$300, 2, FALSE) -> SEA | I94: =VLOOKUP(G94, 'ADP Data'!$C$4:$R$498, 12, FALSE) -> 29 | J94: =VLOOKUP($G94, SeanRanks!$A$2:$H$303, 5, FALSE) -> 0 | K94: =IF(VLOOKUP($G94, SeanRanks!$A$2:$H$303, 6, FALSE)=0, "", VLOOKUP($G94, SeanRanks!$A$2:$H$303, 6, FALSE)) -> WR2 - 1 - WR1 upside | L94: =IFERROR(INT(M94/8)+1, 16) -> 4 | M94: =VLOOKUP($G94, 'ADP Data'!$C$4:$Q$300, 9, FALSE) -> 29 | N94: =M94-V94 -> -4 | O94: =VLOOKUP($G94, 'ADP Data'!$C$4:$Q$300, 3, FALSE) -> 40 | P94: =M94-O94 -> -11 | Q94: =VLOOKUP($G94, 'ADP Data'!$C$4:$Q$300, 4, FALSE) -> 37 | R94: =VLOOKUP($G94, 'ADP Data'!$C$4:$Q$300, 5, FALSE) -> 32 | S94: =VLOOKUP($G94, 'ADP Data'!$C$4:$Q$300, 6, FALSE) -> 31 | T94: =VLOOKUP($G94, 'ADP Data'!$C$4:$Q$300, 7, FALSE) -> 28 | U94: =VLOOKUP($G94, 'ADP Data'!$C$4:$Q$300, 8, FALSE) -> 39 | V94: =INT(AVERAGE(M94, O94,Q94:U94)) -> 33 | W94: =IFERROR(INT(V94/8)+1, 16) -> 5 | X94: =D94-W94 -> 1 | Y94: =VLOOKUP($G94, SeanRanks!$A$2:$K$303, 10, FALSE)-V94 -> 0 | Z94: =IF(VLOOKUP($G94, SeanRanks!$A$2:$H$303, 7, FALSE)=0, "", VLOOKUP($G94, SeanRanks!$A$2:$H$303, 7, FALSE)) -> 13
B95: =IFERROR(INT(AVERAGE(Q95:U95)/12)+1, INT(AVERAGE(M95)/12)+1) -> #N/A | C95: No | D95: 6 | F95: =VLOOKUP(G95, SeanRanks!$A$2:$E$302, 4, FALSE) -> #N/A | G95: Christian Watson | H95: =VLOOKUP($G95, 'ADP Data'!$C$4:$Q$300, 2, FALSE) -> #N/A | I95: =VLOOKUP(G95, 'ADP Data'!$C$4:$R$498, 12, FALSE) -> #N/A | J95: =VLOOKUP($G95, SeanRanks!$A$2:$H$303, 5, FALSE) -> #N/A | K95: =IF(VLOOKUP($G95, SeanRanks!$A$2:$H$303, 6, FALSE)=0, "", VLOOKUP($G95, SeanRanks!$A$2:$H$303, 6, FALSE)) -> #N/A | L95: =IFERROR(INT(M95/8)+1, 16) -> 16 | M95: =VLOOKUP($G95, 'ADP Data'!$C$4:$Q$300, 9, FALSE) -> #N/A | N95: =M95-V95 -> #N/A | O95: =VLOOKUP($G95, 'ADP Data'!$C$4:$Q$300, 3, FALSE) -> #N/A | P95: =M95-O95 -> #N/A | Q95: =VLOOKUP($G95, 'ADP Data'!$C$4:$Q$300, 4, FALSE) -> #N/A | R95: =VLOOKUP($G95, 'ADP Data'!$C$4:$Q$300, 5, FALSE) -> #N/A | S95: =VLOOKUP($G95, 'ADP Data'!$C$4:$Q$300, 6, FALSE) -> #N/A | T95: =VLOOKUP($G95, 'ADP Data'!$C$4:$Q$300, 7, FALSE) -> #N/A | U95: =VLOOKUP($G95, 'ADP Data'!$C$4:$Q$300, 8, FALSE) -> #N/A | V95: =INT(AVERAGE(M95, O95,Q95:U95)) -> #N/A | W95: =IFERROR(INT(V95/8)+1, 16) -> 16 | X95: =D95-W95 -> -10 | Y95: =VLOOKUP($G95, SeanRanks!$A$2:$K$303, 10, FALSE)-V95 -> #N/A | Z95: =IF(VLOOKUP($G95, SeanRanks!$A$2:$H$303, 7, FALSE)=0, "", VLOOKUP($G95, SeanRanks!$A$2:$H$303, 7, FALSE)) -> #N/A
B96: =IFERROR(INT(AVERAGE(Q96:U96)/12)+1, INT(AVERAGE(M96)/12)+1) -> 9 | C96: Yes | D96: 7 | F96: =VLOOKUP(G96, SeanRanks!$A$2:$E$302, 4, FALSE) -> 0 | G96: Brock Purdy | H96: =VLOOKUP($G96, 'ADP Data'!$C$4:$Q$300, 2, FALSE) -> SF | I96: =VLOOKUP(G96, 'ADP Data'!$C$4:$R$498, 12, FALSE) -> 106 | J96: =VLOOKUP($G96, SeanRanks!$A$2:$H$303, 5, FALSE) -> 0 | K96: =IF(VLOOKUP($G96, SeanRanks!$A$2:$H$303, 6, FALSE)=0, "", VLOOKUP($G96, SeanRanks!$A$2:$H$303, 6, FALSE)) -> QB1 - 4 - Weekly Start | L96: =IFERROR(INT(M96/8)+1, 16) -> 15 | M96: =VLOOKUP($G96, 'ADP Data'!$C$4:$Q$300, 9, FALSE) -> 112 | N96: =M96-V96 -> 10 | O96: =VLOOKUP($G96, 'ADP Data'!$C$4:$Q$300, 3, FALSE) -> 89 | P96: =M96-O96 -> 23 | Q96: =VLOOKUP($G96, 'ADP Data'!$C$4:$Q$300, 4, FALSE) -> 79 | R96: =VLOOKUP($G96, 'ADP Data'!$C$4:$Q$300, 5, FALSE) -> 111 | S96: =VLOOKUP($G96, 'ADP Data'!$C$4:$Q$300, 6, FALSE) -> 110 | T96: =VLOOKUP($G96, 'ADP Data'!$C$4:$Q$300, 7, FALSE) -> 107 | U96: =VLOOKUP($G96, 'ADP Data'!$C$4:$Q$300, 8, FALSE) -> 106 | V96: =INT(AVERAGE(M96, O96,Q96:U96)) -> 102 | W96: =IFERROR(INT(V96/8)+1, 16) -> 13 | X96: =D96-W96 -> -6 | Y96: =VLOOKUP($G96, SeanRanks!$A$2:$K$303, 10, FALSE)-V96 -> -16 | Z96: =IF(VLOOKUP($G96, SeanRanks!$A$2:$H$303, 7, FALSE)=0, "", VLOOKUP($G96, SeanRanks!$A$2:$H$303, 7, FALSE)) -> 12
B97: =IFERROR(INT(AVERAGE(Q97:U97)/12)+1, INT(AVERAGE(M97)/12)+1) -> 3 | C97: No | D97: 7 | F97: =VLOOKUP(G97, SeanRanks!$A$2:$E$302, 4, FALSE) -> 0 | G97: Jayden Daniels | H97: =VLOOKUP($G97, 'ADP Data'!$C$4:$Q$300, 2, FALSE) -> WAS | I97: =VLOOKUP(G97, 'ADP Data'!$C$4:$R$498, 12, FALSE) -> 36 | J97: =VLOOKUP($G97, SeanRanks!$A$2:$H$303, 5, FALSE) -> 0 | K97: =IF(VLOOKUP($G97, SeanRanks!$A$2:$H$303, 6, FALSE)=0, "", VLOOKUP($G97, SeanRanks!$A$2:$H$303, 6, FALSE)) -> QB1 - 2 - QB1 Upside | L97: =IFERROR(INT(M97/8)+1, 16) -> 5 | M97: =VLOOKUP($G97, 'ADP Data'!$C$4:$Q$300, 9, FALSE) -> 33 | N97: =M97-V97 -> 0 | O97: =VLOOKUP($G97, 'ADP Data'!$C$4:$Q$300, 3, FALSE) -> 30 | P97: =M97-O97 -> 3 | Q97: =VLOOKUP($G97, 'ADP Data'!$C$4:$Q$300, 4, FALSE) -> 27 | R97: =VLOOKUP($G97, 'ADP Data'!$C$4:$Q$300, 5, FALSE) -> 42 | S97: =VLOOKUP($G97, 'ADP Data'!$C$4:$Q$300, 6, FALSE) -> 35 | T97: =VLOOKUP($G97, 'ADP Data'!$C$4:$Q$300, 7, FALSE) -> 35 | U97: =VLOOKUP($G97, 'ADP Data'!$C$4:$Q$300, 8, FALSE) -> 29 | V97: =INT(AVERAGE(M97, O97,Q97:U97)) -> 33 | W97: =IFERROR(INT(V97/8)+1, 16) -> 5 | X97: =D97-W97 -> 2 | Y97: =VLOOKUP($G97, SeanRanks!$A$2:$K$303, 10, FALSE)-V97 -> -3 | Z97: =IF(VLOOKUP($G97, SeanRanks!$A$2:$H$303, 7, FALSE)=0, "", VLOOKUP($G97, SeanRanks!$A$2:$H$303, 7, FALSE)) -> 4
B98: =IFERROR(INT(AVERAGE(Q98:U98)/12)+1, INT(AVERAGE(M98)/12)+1) -> 12 | C98: No | D98: 6 | F98: =VLOOKUP(G98, SeanRanks!$A$2:$E$302, 4, FALSE) -> 0 | G98: Brian Robinson | H98: =VLOOKUP($G98, 'ADP Data'!$C$4:$Q$300, 2, FALSE) -> SF | I98: =VLOOKUP(G98, 'ADP Data'!$C$4:$R$498, 12, FALSE) -> 148 | J98: =VLOOKUP($G98, SeanRanks!$A$2:$H$303, 5, FALSE) -> 0 | K98: =IF(VLOOKUP($G98, SeanRanks!$A$2:$H$303, 6, FALSE)=0, "", VLOOKUP($G98, SeanRanks!$A$2:$H$303, 6, FALSE)) -> RB3 - 2 - low ceiling | L98: =IFERROR(INT(M98/8)+1, 16) -> 10 | M98: =VLOOKUP($G98, 'ADP Data'!$C$4:$Q$300, 9, FALSE) -> 78 | N98: =M98-V98 -> -47 | O98: =VLOOKUP($G98, 'ADP Data'!$C$4:$Q$300, 3, FALSE) -> 125 | P98: =M98-O98 -> -47 | Q98: =VLOOKUP($G98, 'ADP Data'!$C$4:$Q$300, 4, FALSE) -> 168 | R98: =VLOOKUP($G98, 'ADP Data'!$C$4:$Q$300, 5, FALSE) -> 177 | S98: =VLOOKUP($G98, 'ADP Data'!$C$4:$Q$300, 6, FALSE) -> 125 | T98: =VLOOKUP($G98, 'ADP Data'!$C$4:$Q$300, 7, FALSE) -> 102 | U98: =VLOOKUP($G98, 'ADP Data'!$C$4:$Q$300, 8, FALSE) -> 103 | V98: =INT(AVERAGE(M98, O98,Q98:U98)) -> 125 | W98: =IFERROR(INT(V98/8)+1, 16) -> 16 | X98: =D98-W98 -> -10 | Y98: =VLOOKUP($G98, SeanRanks!$A$2:$K$303, 10, FALSE)-V98 -> 22 | Z98: =IF(VLOOKUP($G98, SeanRanks!$A$2:$H$303, 7, FALSE)=0, "", VLOOKUP($G98, SeanRanks!$A$2:$H$303, 7, FALSE)) -> 36
B99: =IFERROR(INT(AVERAGE(Q99:U99)/12)+1, INT(AVERAGE(M99)/12)+1) -> 16 | C99: No | F99: =VLOOKUP(G99, SeanRanks!$A$2:$E$302, 4, FALSE) -> 0 | G99: Tyjae Spears | H99: =VLOOKUP($G99, 'ADP Data'!$C$4:$Q$300, 2, FALSE) -> TEN | I99: =VLOOKUP(G99, 'ADP Data'!$C$4:$R$498, 12, FALSE) -> 181 | J99: =VLOOKUP($G99, SeanRanks!$A$2:$H$303, 5, FALSE) -> 0 | K99: =IF(VLOOKUP($G99, SeanRanks!$A$2:$H$303, 6, FALSE)=0, "", VLOOKUP($G99, SeanRanks!$A$2:$H$303, 6, FALSE)) -> RB4 - 1 - Path to spikes | L99: =IFERROR(INT(M99/8)+1, 16) -> 16 | M99: =VLOOKUP($G99, 'ADP Data'!$C$4:$Q$300, 9, FALSE) -> 123 | N99: =M99-V99 -> -48 | O99: =VLOOKUP($G99, 'ADP Data'!$C$4:$Q$300, 3, FALSE) -> 163 | P99: =M99-O99 -> -40 | Q99: =VLOOKUP($G99, 'ADP Data'!$C$4:$Q$300, 4, FALSE) -> 165 | R99: =VLOOKUP($G99, 'ADP Data'!$C$4:$Q$300, 5, FALSE) -> 253 | S99: =VLOOKUP($G99, 'ADP Data'!$C$4:$Q$300, 6, FALSE) -> 152 | T99: =VLOOKUP($G99, 'ADP Data'!$C$4:$Q$300, 7, FALSE) -> 149 | U99: =VLOOKUP($G99, 'ADP Data'!$C$4:$Q$300, 8, FALSE) -> 198 | V99: =INT(AVERAGE(M99, O99,Q99:U99)) -> 171 | W99: =IFERROR(INT(V99/8)+1, 16) -> 22 | X99: =D99-W99 -> -22 | Y99: =VLOOKUP($G99, SeanRanks!$A$2:$K$303, 10, FALSE)-V99 -> -40 | Z99: =IF(VLOOKUP($G99, SeanRanks!$A$2:$H$303, 7, FALSE)=0, "", VLOOKUP($G99, SeanRanks!$A$2:$H$303, 7, FALSE)) -> 40
B100: =IFERROR(INT(AVERAGE(Q100:U100)/12)+1, INT(AVERAGE(M100)/12)+1) -> 12 | C100: Yes | D100: 9 | F100: =VLOOKUP(G100, SeanRanks!$A$2:$E$302, 4, FALSE) -> 0 | G100: Austin Ekeler | H100: =VLOOKUP($G100, 'ADP Data'!$C$4:$Q$300, 2, FALSE) -> WAS | I100: =VLOOKUP(G100, 'ADP Data'!$C$4:$R$498, 12, FALSE) -> 124 | J100: =VLOOKUP($G100, SeanRanks!$A$2:$H$303, 5, FALSE) -> 0 | K100: =IF(VLOOKUP($G100, SeanRanks!$A$2:$H$303, 6, FALSE)=0, "", VLOOKUP($G100, SeanRanks!$A$2:$H$303, 6, FALSE)) -> RB4 - 2 - low ceiling | L100: =IFERROR(INT(M100/8)+1, 16) -> 17 | M100: =VLOOKUP($G100, 'ADP Data'!$C$4:$Q$300, 9, FALSE) -> 130 | N100: =M100-V100 -> 5 | O100: =VLOOKUP($G100, 'ADP Data'!$C$4:$Q$300, 3, FALSE) -> 86 | P100: =M100-O100 -> 44 | Q100: =VLOOKUP($G100, 'ADP Data'!$C$4:$Q$300, 4, FALSE) -> 96 | R100: =VLOOKUP($G100, 'ADP Data'!$C$4:$Q$300, 5, FALSE) -> 172 | S100: =VLOOKUP($G100, 'ADP Data'!$C$4:$Q$300, 6, FALSE) -> 109 | T100: =VLOOKUP($G100, 'ADP Data'!$C$4:$Q$300, 7, FALSE) -> 142 | U100: =VLOOKUP($G100, 'ADP Data'!$C$4:$Q$300, 8, FALSE) -> 143 | V100: =INT(AVERAGE(M100, O100,Q100:U100)) -> 125 | W100: =IFERROR(INT(V100/8)+1, 16) -> 16 | X100: =D100-W100 -> -7 | Y100: =VLOOKUP($G100, SeanRanks!$A$2:$K$303, 10, FALSE)-V100 -> -21 | Z100: =IF(VLOOKUP($G100, SeanRanks!$A$2:$H$303, 7, FALSE)=0, "", VLOOKUP($G100, SeanRanks!$A$2:$H$303, 7, FALSE)) -> 49
...

Sheet SeanRanks26
A1: 1 | B1: 2 | C1: 3 | D1: 4 | E1: 5 | F1: 6 | G1: 7 | H1: 8 | I1: 9 | J1: 10 | K1: 10
A2: Player | B2: Team | C2: Position | D2: Target Round | E2: Like | F2: Tier | G2: Sean Pos Rank | H2: Notes | I2: Underdog | J2: Y! | K2: Old Y Rank (as of ~7/18/26)
A3: Jahmyr Gibbs | B3: =VLOOKUP($A3, '26 ADP Data'!$C$3:$R$298, 2, FALSE) -> DET | C3: =VLOOKUP($A3, '26 ADP Data'!$C$3:$R$298, 16, FALSE) -> RB | F3: RB1 - 1 - Elite | G3: 1 | I3: =VLOOKUP($A3, '26 ADP Data'!$C$3:$Q$298, 13, FALSE) -> 1 | J3: =VLOOKUP($A3, '26 ADP Data'!$C$3:$Q$298, 10, FALSE) -> 1 | K3: 3
A4: Bijan Robinson | B4: =VLOOKUP($A4, '26 ADP Data'!$C$3:$R$298, 2, FALSE) -> ATL | C4: =VLOOKUP($A4, '26 ADP Data'!$C$3:$R$298, 16, FALSE) -> RB | F4: RB1 - 1 - Elite | G4: 2 | I4: =VLOOKUP($A4, '26 ADP Data'!$C$3:$Q$298, 13, FALSE) -> 2 | J4: =VLOOKUP($A4, '26 ADP Data'!$C$3:$Q$298, 10, FALSE) -> 2 | K4: 1
A5: Ja'Marr Chase | B5: =VLOOKUP($A5, '26 ADP Data'!$C$3:$R$298, 2, FALSE) -> CIN | C5: =VLOOKUP($A5, '26 ADP Data'!$C$3:$R$298, 16, FALSE) -> WR | F5: WR1 - 1 - Elite | G5: 1 | I5: =VLOOKUP($A5, '26 ADP Data'!$C$3:$Q$298, 13, FALSE) -> 3 | J5: =VLOOKUP($A5, '26 ADP Data'!$C$3:$Q$298, 10, FALSE) -> 3 | K5: 2
A6: Jaxon Smith-Njigba | B6: =VLOOKUP($A6, '26 ADP Data'!$C$3:$R$298, 2, FALSE) -> SEA | C6: =VLOOKUP($A6, '26 ADP Data'!$C$3:$R$298, 16, FALSE) -> WR | F6: WR1 - 1 - Elite | G6: 2 | I6: =VLOOKUP($A6, '26 ADP Data'!$C$3:$Q$298, 13, FALSE) -> 5 | J6: =VLOOKUP($A6, '26 ADP Data'!$C$3:$Q$298, 10, FALSE) -> 8 | K6: 5
A7: Puka Nacua | B7: =VLOOKUP($A7, '26 ADP Data'!$C$3:$R$298, 2, FALSE) -> LAR | C7: =VLOOKUP($A7, '26 ADP Data'!$C$3:$R$298, 16, FALSE) -> WR | F7: WR1 - 1 - Elite | G7: 3 | I7: =VLOOKUP($A7, '26 ADP Data'!$C$3:$Q$298, 13, FALSE) -> 4 | J7: =VLOOKUP($A7, '26 ADP Data'!$C$3:$Q$298, 10, FALSE) -> 4 | K7: 4
A8: Christian McCaffrey | B8: =VLOOKUP($A8, '26 ADP Data'!$C$3:$R$298, 2, FALSE) -> SF | C8: =VLOOKUP($A8, '26 ADP Data'!$C$3:$R$298, 16, FALSE) -> RB | F8: RB1 - 2 - Could be RB1 | G8: 3 | I8: =VLOOKUP($A8, '26 ADP Data'!$C$3:$Q$298, 13, FALSE) -> 6 | J8: =VLOOKUP($A8, '26 ADP Data'!$C$3:$Q$298, 10, FALSE) -> 6 | K8: 6
A9: Amon-Ra St. Brown | B9: =VLOOKUP($A9, '26 ADP Data'!$C$3:$R$298, 2, FALSE) -> DET | C9: =VLOOKUP($A9, '26 ADP Data'!$C$3:$R$298, 16, FALSE) -> WR | F9: WR1 - 2 - Volotile | G9: 4 | I9: =VLOOKUP($A9, '26 ADP Data'!$C$3:$Q$298, 13, FALSE) -> 7 | J9: =VLOOKUP($A9, '26 ADP Data'!$C$3:$Q$298, 10, FALSE) -> 7 | K9: 9
A10: Jonathan Taylor | B10: =VLOOKUP($A10, '26 ADP Data'!$C$3:$R$298, 2, FALSE) -> IND | C10: =VLOOKUP($A10, '26 ADP Data'!$C$3:$R$298, 16, FALSE) -> RB | F10: RB1 - 2 - Could be RB1 | G10: 4 | I10: =VLOOKUP($A10, '26 ADP Data'!$C$3:$Q$298, 13, FALSE) -> 8 | J10: =VLOOKUP($A10, '26 ADP Data'!$C$3:$Q$298, 10, FALSE) -> 5 | K10: 8
A11: A.J. Brown | B11: =VLOOKUP($A11, '26 ADP Data'!$C$3:$R$298, 2, FALSE) -> NE | C11: =VLOOKUP($A11, '26 ADP Data'!$C$3:$R$298, 16, FALSE) -> WR | F11: WR1 - 2 - Volotile | G11: 5 | I11: =VLOOKUP($A11, '26 ADP Data'!$C$3:$Q$298, 13, FALSE) -> 19 | J11: =VLOOKUP($A11, '26 ADP Data'!$C$3:$Q$298, 10, FALSE) -> 23 | K11: 29
A12: James Cook | B12: =VLOOKUP($A12, '26 ADP Data'!$C$3:$R$298, 2, FALSE) -> BUF | C12: =VLOOKUP($A12, '26 ADP Data'!$C$3:$R$298, 16, FALSE) -> RB | F12: RB1 - 3 - Weekly RB1 | G12: 5 | I12: =VLOOKUP($A12, '26 ADP Data'!$C$3:$Q$298, 13, FALSE) -> 10 | J12: =VLOOKUP($A12, '26 ADP Data'!$C$3:$Q$298, 10, FALSE) -> 9 | K12: 10
A13: CeeDee Lamb | B13: =VLOOKUP($A13, '26 ADP Data'!$C$3:$R$298, 2, FALSE) -> DAL | C13: =VLOOKUP($A13, '26 ADP Data'!$C$3:$R$298, 16, FALSE) -> WR | F13: WR1 - 2 - Volotile | G13: 6 | I13: =VLOOKUP($A13, '26 ADP Data'!$C$3:$Q$298, 13, FALSE) -> 9 | J13: =VLOOKUP($A13, '26 ADP Data'!$C$3:$Q$298, 10, FALSE) -> 12 | K13: 7
A14: De'Von Achane | B14: =VLOOKUP($A14, '26 ADP Data'!$C$3:$R$298, 2, FALSE) -> MIA | C14: =VLOOKUP($A14, '26 ADP Data'!$C$3:$R$298, 16, FALSE) -> RB | F14: RB1 - 3 - Weekly RB1 | G14: 6 | I14: =VLOOKUP($A14, '26 ADP Data'!$C$3:$Q$298, 13, FALSE) -> 18 | J14: =VLOOKUP($A14, '26 ADP Data'!$C$3:$Q$298, 10, FALSE) -> 17 | K14: 13
A15: Derrick Henry | B15: =VLOOKUP($A15, '26 ADP Data'!$C$3:$R$298, 2, FALSE) -> BAL | C15: =VLOOKUP($A15, '26 ADP Data'!$C$3:$R$298, 16, FALSE) -> RB | F15: RB1 - 3 - Weekly RB1 | G15: 7 | I15: =VLOOKUP($A15, '26 ADP Data'!$C$3:$Q$298, 13, FALSE) -> 17 | J15: =VLOOKUP($A15, '26 ADP Data'!$C$3:$Q$298, 10, FALSE) -> 15 | K15: 27
A16: Kenneth Walker | B16: =VLOOKUP($A16, '26 ADP Data'!$C$3:$R$298, 2, FALSE) -> KC | C16: =VLOOKUP($A16, '26 ADP Data'!$C$3:$R$298, 16, FALSE) -> RB | E16: Yes | F16: RB1 - 3 - Weekly RB1 | G16: 8 | H16: FFB My Guy | I16: =VLOOKUP($A16, '26 ADP Data'!$C$3:$Q$298, 13, FALSE) -> 13 | J16: =VLOOKUP($A16, '26 ADP Data'!$C$3:$Q$298, 10, FALSE) -> 11 | K16: 20
A17: Saquon Barkley | B17: =VLOOKUP($A17, '26 ADP Data'!$C$3:$R$298, 2, FALSE) -> PHI | C17: =VLOOKUP($A17, '26 ADP Data'!$C$3:$R$298, 16, FALSE) -> RB | F17: RB1 - 3 - Weekly RB1 | G17: 9 | I17: =VLOOKUP($A17, '26 ADP Data'!$C$3:$Q$298, 13, FALSE) -> 12 | J17: =VLOOKUP($A17, '26 ADP Data'!$C$3:$Q$298, 10, FALSE) -> 10 | K17: 16
A18: Omarion Hampton | B18: =VLOOKUP($A18, '26 ADP Data'!$C$3:$R$298, 2, FALSE) -> LAC | C18: =VLOOKUP($A18, '26 ADP Data'!$C$3:$R$298, 16, FALSE) -> RB | F18: RB1 - 3 - Weekly RB1 | G18: 10 | H18: 2025 Rookie R1.22. FFB My Guy | I18: =VLOOKUP($A18, '26 ADP Data'!$C$3:$Q$298, 13, FALSE) -> 15 | J18: =VLOOKUP($A18, '26 ADP Data'!$C$3:$Q$298, 10, FALSE) -> 16 | K18: 19
A19: Brock Bowers | B19: =VLOOKUP($A19, '26 ADP Data'!$C$3:$R$298, 2, FALSE) -> LV | C19: =VLOOKUP($A19, '26 ADP Data'!$C$3:$R$298, 16, FALSE) -> TE | F19: TE1 - 1 - Elite | G19: 1 | I19: =VLOOKUP($A19, '26 ADP Data'!$C$3:$Q$298, 13, FALSE) -> 20 | J19: =VLOOKUP($A19, '26 ADP Data'!$C$3:$Q$298, 10, FALSE) -> 19 | K19: 18
A20: Justin Jefferson | B20: =VLOOKUP($A20, '26 ADP Data'!$C$3:$R$298, 2, FALSE) -> MIN | C20: =VLOOKUP($A20, '26 ADP Data'!$C$3:$R$298, 16, FALSE) -> WR | F20: WR1 - 2 - Volotile | G20: 7 | I20: =VLOOKUP($A20, '26 ADP Data'!$C$3:$Q$298, 13, FALSE) -> 11 | J20: =VLOOKUP($A20, '26 ADP Data'!$C$3:$Q$298, 10, FALSE) -> 13 | K20: 11
A21: Ashton Jeanty | B21: =VLOOKUP($A21, '26 ADP Data'!$C$3:$R$298, 2, FALSE) -> LV | C21: =VLOOKUP($A21, '26 ADP Data'!$C$3:$R$298, 16, FALSE) -> RB | F21: RB1 - 3 - Weekly RB1 | G21: 11 | H21: 2025 Rookie R1.6 | I21: =VLOOKUP($A21, '26 ADP Data'!$C$3:$Q$298, 13, FALSE) -> 16 | J21: =VLOOKUP($A21, '26 ADP Data'!$C$3:$Q$298, 10, FALSE) -> 21 | K21: 12
A22: Drake London | B22: =VLOOKUP($A22, '26 ADP Data'!$C$3:$R$298, 2, FALSE) -> ATL | C22: =VLOOKUP($A22, '26 ADP Data'!$C$3:$R$298, 16, FALSE) -> WR | F22: WR1 - 2 - Volotile | G22: 8 | I22: =VLOOKUP($A22, '26 ADP Data'!$C$3:$Q$298, 13, FALSE) -> 23 | J22: =VLOOKUP($A22, '26 ADP Data'!$C$3:$Q$298, 10, FALSE) -> 20 | K22: 14
A23: Javonte Williams | B23: =VLOOKUP($A23, '26 ADP Data'!$C$3:$R$298, 2, FALSE) -> DAL | C23: =VLOOKUP($A23, '26 ADP Data'!$C$3:$R$298, 16, FALSE) -> RB | F23: RB1 - 3 - Weekly RB1 | G23: 12 | I23: =VLOOKUP($A23, '26 ADP Data'!$C$3:$Q$298, 13, FALSE) -> 33 | J23: =VLOOKUP($A23, '26 ADP Data'!$C$3:$Q$298, 10, FALSE) -> 29 | K23: 41
A24: DeVonta Smith | B24: =VLOOKUP($A24, '26 ADP Data'!$C$3:$R$298, 2, FALSE) -> PHI | C24: =VLOOKUP($A24, '26 ADP Data'!$C$3:$R$298, 16, FALSE) -> WR | E24: Yes | F24: WR1 - 2 - Volotile | G24: 9 | I24: =VLOOKUP($A24, '26 ADP Data'!$C$3:$Q$298, 13, FALSE) -> 27 | J24: =VLOOKUP($A24, '26 ADP Data'!$C$3:$Q$298, 10, FALSE) -> 26 | K24: 28
A25: Trey McBride | B25: =VLOOKUP($A25, '26 ADP Data'!$C$3:$R$298, 2, FALSE) -> ARI | C25: =VLOOKUP($A25, '26 ADP Data'!$C$3:$R$298, 16, FALSE) -> TE | F25: TE1 - 1 - Elite | G25: 2 | I25: =VLOOKUP($A25, '26 ADP Data'!$C$3:$Q$298, 13, FALSE) -> 29 | J25: =VLOOKUP($A25, '26 ADP Data'!$C$3:$Q$298, 10, FALSE) -> 34 | K25: 22
A26: Breece Hall | B26: =VLOOKUP($A26, '26 ADP Data'!$C$3:$R$298, 2, FALSE) -> NYJ | C26: =VLOOKUP($A26, '26 ADP Data'!$C$3:$R$298, 16, FALSE) -> RB | F26: RB1 - 3 - Weekly RB1 | G26: 13 | I26: =VLOOKUP($A26, '26 ADP Data'!$C$3:$Q$298, 13, FALSE) -> 30 | J26: =VLOOKUP($A26, '26 ADP Data'!$C$3:$Q$298, 10, FALSE) -> 30 | K26: 39
A27: Nico Collins | B27: =VLOOKUP($A27, '26 ADP Data'!$C$3:$R$298, 2, FALSE) -> HOU | C27: =VLOOKUP($A27, '26 ADP Data'!$C$3:$R$298, 16, FALSE) -> WR | F27: WR1 - 2 - Volotile | G27: 10 | I27: =VLOOKUP($A27, '26 ADP Data'!$C$3:$Q$298, 13, FALSE) -> 22 | J27: =VLOOKUP($A27, '26 ADP Data'!$C$3:$Q$298, 10, FALSE) -> 18 | K27: 17
A28: Rashee Rice | B28: =VLOOKUP($A28, '26 ADP Data'!$C$3:$R$298, 2, FALSE) -> KC | C28: =VLOOKUP($A28, '26 ADP Data'!$C$3:$R$298, 16, FALSE) -> WR | F28: WR1 - 2 - Volotile | G28: 11 | I28: =VLOOKUP($A28, '26 ADP Data'!$C$3:$Q$298, 13, FALSE) -> 26 | J28: =VLOOKUP($A28, '26 ADP Data'!$C$3:$Q$298, 10, FALSE) -> 39 | K28: 31
A29: Chris Olave | B29: =VLOOKUP($A29, '26 ADP Data'!$C$3:$R$298, 2, FALSE) -> NO | C29: =VLOOKUP($A29, '26 ADP Data'!$C$3:$R$298, 16, FALSE) -> WR | F29: WR1 - 2 - Volotile | G29: 12 | I29: =VLOOKUP($A29, '26 ADP Data'!$C$3:$Q$298, 13, FALSE) -> 25 | J29: =VLOOKUP($A29, '26 ADP Data'!$C$3:$Q$298, 10, FALSE) -> 24 | K29: 26
A30: George Pickens | B30: =VLOOKUP($A30, '26 ADP Data'!$C$3:$R$298, 2, FALSE) -> DAL | C30: =VLOOKUP($A30, '26 ADP Data'!$C$3:$R$298, 16, FALSE) -> WR | F30: WR1 - 2 - Volotile | G30: 13 | I30: =VLOOKUP($A30, '26 ADP Data'!$C$3:$Q$298, 13, FALSE) -> 24 | J30: =VLOOKUP($A30, '26 ADP Data'!$C$3:$Q$298, 10, FALSE) -> 22 | K30: 21
A31: Josh Allen | B31: =VLOOKUP($A31, '26 ADP Data'!$C$3:$R$298, 2, FALSE) -> BUF | C31: =VLOOKUP($A31, '26 ADP Data'!$C$3:$R$298, 16, FALSE) -> QB | E31: Yes | F31: QB1 - 1 - Elite | G31: 1 | I31: =VLOOKUP($A31, '26 ADP Data'!$C$3:$Q$298, 13, FALSE) -> 38 | J31: =VLOOKUP($A31, '26 ADP Data'!$C$3:$Q$298, 10, FALSE) -> 35 | K31: 23
A32: Chase Brown | B32: =VLOOKUP($A32, '26 ADP Data'!$C$3:$R$298, 2, FALSE) -> CIN | C32: =VLOOKUP($A32, '26 ADP Data'!$C$3:$R$298, 16, FALSE) -> RB | F32: RB1 - 4 - More Qs | G32: 14 | I32: =VLOOKUP($A32, '26 ADP Data'!$C$3:$Q$298, 13, FALSE) -> 14 | J32: =VLOOKUP($A32, '26 ADP Data'!$C$3:$Q$298, 10, FALSE) -> 14 | K32: 15
A33: Josh Jacobs | B33: =VLOOKUP($A33, '26 ADP Data'!$C$3:$R$298, 2, FALSE) -> GB | C33: =VLOOKUP($A33, '26 ADP Data'!$C$3:$R$298, 16, FALSE) -> RB | F33: RB5 | G33: 45 | I33: =VLOOKUP($A33, '26 ADP Data'!$C$3:$Q$298, 13, FALSE) -> 46 | J33: =VLOOKUP($A33, '26 ADP Data'!$C$3:$Q$298, 10, FALSE) -> 126 | K33: 30
A34: Tee Higgins | B34: =VLOOKUP($A34, '26 ADP Data'!$C$3:$R$298, 2, FALSE) -> CIN | C34: =VLOOKUP($A34, '26 ADP Data'!$C$3:$R$298, 16, FALSE) -> WR | F34: WR2 - 1 - High Ceiling | G34: 14 | I34: =VLOOKUP($A34, '26 ADP Data'!$C$3:$Q$298, 13, FALSE) -> 35 | J34: =VLOOKUP($A34, '26 ADP Data'!$C$3:$Q$298, 10, FALSE) -> 31 | K34: 34
A35: Malik Nabers | B35: =VLOOKUP($A35, '26 ADP Data'!$C$3:$R$298, 2, FALSE) -> NYG | C35: =VLOOKUP($A35, '26 ADP Data'!$C$3:$R$298, 16, FALSE) -> WR | F35: WR2 - 1 - High Ceiling | G35: 15 | I35: =VLOOKUP($A35, '26 ADP Data'!$C$3:$Q$298, 13, FALSE) -> 21 | J35: =VLOOKUP($A35, '26 ADP Data'!$C$3:$Q$298, 10, FALSE) -> 25 | K35: 24
A36: Kyren Williams | B36: =VLOOKUP($A36, '26 ADP Data'!$C$3:$R$298, 2, FALSE) -> LAR | C36: =VLOOKUP($A36, '26 ADP Data'!$C$3:$R$298, 16, FALSE) -> RB | F36: RB1 - 4 - More Qs | G36: 16 | I36: =VLOOKUP($A36, '26 ADP Data'!$C$3:$Q$298, 13, FALSE) -> 31 | J36: =VLOOKUP($A36, '26 ADP Data'!$C$3:$Q$298, 10, FALSE) -> 27 | K36: 37
A37: Jeremiyah Love | B37: =VLOOKUP($A37, '26 ADP Data'!$C$3:$R$298, 2, FALSE) -> ARI | C37: =VLOOKUP($A37, '26 ADP Data'!$C$3:$R$298, 16, FALSE) -> RB | F37: RB1 - 4 - More Qs | G37: 17 | H37: Rookie R1.3 | I37: =VLOOKUP($A37, '26 ADP Data'!$C$3:$Q$298, 13, FALSE) -> 28 | J37: =VLOOKUP($A37, '26 ADP Data'!$C$3:$Q$298, 10, FALSE) -> 28 | K37: 25
A38: Travis Etienne | B38: =VLOOKUP($A38, '26 ADP Data'!$C$3:$R$298, 2, FALSE) -> NO | C38: =VLOOKUP($A38, '26 ADP Data'!$C$3:$R$298, 16, FALSE) -> RB | F38: RB2 - 1 - Weekly Start | G38: 18 | I38: =VLOOKUP($A38, '26 ADP Data'!$C$3:$Q$298, 13, FALSE) -> 40 | J38: =VLOOKUP($A38, '26 ADP Data'!$C$3:$Q$298, 10, FALSE) -> 40 | K38: 38
A39: Tetairoa McMillan | B39: =VLOOKUP($A39, '26 ADP Data'!$C$3:$R$298, 2, FALSE) -> CAR | C39: =VLOOKUP($A39, '26 ADP Data'!$C$3:$R$298, 16, FALSE) -> WR | F39: WR2 - 1 - High Ceiling | G39: 16 | H39: 2025 R1 | I39: =VLOOKUP($A39, '26 ADP Data'!$C$3:$Q$298, 13, FALSE) -> 41 | J39: =VLOOKUP($A39, '26 ADP Data'!$C$3:$Q$298, 10, FALSE) -> 37 | K39: 32
A40: Emeka Egbuka | B40: =VLOOKUP($A40, '26 ADP Data'!$C$3:$R$298, 2, FALSE) -> TB | C40: =VLOOKUP($A40, '26 ADP Data'!$C$3:$R$298, 16, FALSE) -> WR | E40: Yes | F40: WR2 - 1 - High Ceiling | G40: 17 | H40: 2025 R1 | I40: =VLOOKUP($A40, '26 ADP Data'!$C$3:$Q$298, 13, FALSE) -> 36 | J40: =VLOOKUP($A40, '26 ADP Data'!$C$3:$Q$298, 10, FALSE) -> 43 | K40: 51
A41: Zay Flowers | B41: =VLOOKUP($A41, '26 ADP Data'!$C$3:$R$298, 2, FALSE) -> BAL | C41: =VLOOKUP($A41, '26 ADP Data'!$C$3:$R$298, 16, FALSE) -> WR | F41: WR2 - 1 - High Ceiling | G41: 18 | I41: =VLOOKUP($A41, '26 ADP Data'!$C$3:$Q$298, 13, FALSE) -> 32 | J41: =VLOOKUP($A41, '26 ADP Data'!$C$3:$Q$298, 10, FALSE) -> 32 | K41: 42
A42: Garrett Wilson | B42: =VLOOKUP($A42, '26 ADP Data'!$C$3:$R$298, 2, FALSE) -> NYJ | C42: =VLOOKUP($A42, '26 ADP Data'!$C$3:$R$298, 16, FALSE) -> WR | E42: Yes | F42: WR2 - 1 - High Ceiling | G42: 19 | H42: FFB My Guy | I42: =VLOOKUP($A42, '26 ADP Data'!$C$3:$Q$298, 13, FALSE) -> 39 | J42: =VLOOKUP($A42, '26 ADP Data'!$C$3:$Q$298, 10, FALSE) -> 36 | K42: 35
A43: Colston Loveland | B43: =VLOOKUP($A43, '26 ADP Data'!$C$3:$R$298, 2, FALSE) -> CHI | C43: =VLOOKUP($A43, '26 ADP Data'!$C$3:$R$298, 16, FALSE) -> TE | F43: TE1 - 2 - Weekly Advantage | G43: 4 | H43: FFB My Guy | I43: =VLOOKUP($A43, '26 ADP Data'!$C$3:$Q$298, 13, FALSE) -> 42 | J43: =VLOOKUP($A43, '26 ADP Data'!$C$3:$Q$298, 10, FALSE) -> 38 | K43: 36
A44: Jaylen Waddle | B44: =VLOOKUP($A44, '26 ADP Data'!$C$3:$R$298, 2, FALSE) -> DEN | C44: =VLOOKUP($A44, '26 ADP Data'!$C$3:$R$298, 16, FALSE) -> WR | F44: WR2 - 2 - Lower Floor | G44: 20 | I44: =VLOOKUP($A44, '26 ADP Data'!$C$3:$Q$298, 13, FALSE) -> 37 | J44: =VLOOKUP($A44, '26 ADP Data'!$C$3:$Q$298, 10, FALSE) -> 33 | K44: 45
A45: Quinshon Judkins | B45: =VLOOKUP($A45, '26 ADP Data'!$C$3:$R$298, 2, FALSE) -> CLE | C45: =VLOOKUP($A45, '26 ADP Data'!$C$3:$R$298, 16, FALSE) -> RB | F45: RB2 - 1 - Weekly Start | G45: 19 | H45: 2025 Rookie R2 | I45: =VLOOKUP($A45, '26 ADP Data'!$C$3:$Q$298, 13, FALSE) -> 55 | J45: =VLOOKUP($A45, '26 ADP Data'!$C$3:$Q$298, 10, FALSE) -> 56 | K45: 60
A46: Davante Adams | B46: =VLOOKUP($A46, '26 ADP Data'!$C$3:$R$298, 2, FALSE) -> LAR | C46: =VLOOKUP($A46, '26 ADP Data'!$C$3:$R$298, 16, FALSE) -> WR | E46: Yes | F46: WR2 - 1 - High Ceiling | G46: 21 | I46: =VLOOKUP($A46, '26 ADP Data'!$C$3:$Q$298, 13, FALSE) -> 51 | J46: =VLOOKUP($A46, '26 ADP Data'!$C$3:$Q$298, 10, FALSE) -> 55 | K46: 44
A47: Terry McLaurin | B47: =VLOOKUP($A47, '26 ADP Data'!$C$3:$R$298, 2, FALSE) -> WAS | C47: =VLOOKUP($A47, '26 ADP Data'!$C$3:$R$298, 16, FALSE) -> WR | F47: WR2 - 2 - Lower Floor | G47: 22 | I47: =VLOOKUP($A47, '26 ADP Data'!$C$3:$Q$298, 13, FALSE) -> 48 | J47: =VLOOKUP($A47, '26 ADP Data'!$C$3:$Q$298, 10, FALSE) -> 47 | K47: 48
A48: Carnell Tate | B48: =VLOOKUP($A48, '26 ADP Data'!$C$3:$R$298, 2, FALSE) -> TEN | C48: =VLOOKUP($A48, '26 ADP Data'!$C$3:$R$298, 16, FALSE) -> WR | E48: Yes | F48: WR2 - 2 - Lower Floor | G48: 23 | H48: Rookie R1.4. FFB My Guy | I48: =VLOOKUP($A48, '26 ADP Data'!$C$3:$Q$298, 13, FALSE) -> 62 | J48: =VLOOKUP($A48, '26 ADP Data'!$C$3:$Q$298, 10, FALSE) -> 74 | K48: 67
A49: Ladd McConkey | B49: =VLOOKUP($A49, '26 ADP Data'!$C$3:$R$298, 2, FALSE) -> LAC | C49: =VLOOKUP($A49, '26 ADP Data'!$C$3:$R$298, 16, FALSE) -> WR | E49: Yes | F49: WR2 - 2 - Lower Floor | G49: 24 | H49: FFB My Guy | I49: =VLOOKUP($A49, '26 ADP Data'!$C$3:$Q$298, 13, FALSE) -> 34 | J49: =VLOOKUP($A49, '26 ADP Data'!$C$3:$Q$298, 10, FALSE) -> 41 | K49: 40
A50: Lamar Jackson | B50: =VLOOKUP($A50, '26 ADP Data'!$C$3:$R$298, 2, FALSE) -> BAL | C50: =VLOOKUP($A50, '26 ADP Data'!$C$3:$R$298, 16, FALSE) -> QB | E50: Yes | F50: QB1 - 2 - Very Good | G50: 2 | I50: =VLOOKUP($A50, '26 ADP Data'!$C$3:$Q$298, 13, FALSE) -> 58 | J50: =VLOOKUP($A50, '26 ADP Data'!$C$3:$Q$298, 10, FALSE) -> 53 | K50: 33
A51: Cam Skattebo | B51: =VLOOKUP($A51, '26 ADP Data'!$C$3:$R$298, 2, FALSE) -> NYG | C51: =VLOOKUP($A51, '26 ADP Data'!$C$3:$R$298, 16, FALSE) -> RB | F51: RB2 - 1 - Weekly Start | G51: 20 | H51: 2025 Rookie R4 | I51: =VLOOKUP($A51, '26 ADP Data'!$C$3:$Q$298, 13, FALSE) -> 45 | J51: =VLOOKUP($A51, '26 ADP Data'!$C$3:$Q$298, 10, FALSE) -> 48 | K51: 50
A52: D'Andre Swift | B52: =VLOOKUP($A52, '26 ADP Data'!$C$3:$R$298, 2, FALSE) -> CHI | C52: =VLOOKUP($A52, '26 ADP Data'!$C$3:$R$298, 16, FALSE) -> RB | F52: RB2 - 1 - Weekly Start | G52: 21 | I52: =VLOOKUP($A52, '26 ADP Data'!$C$3:$Q$298, 13, FALSE) -> 44 | J52: =VLOOKUP($A52, '26 ADP Data'!$C$3:$Q$298, 10, FALSE) -> 42 | K52: 54
A53: Bucky Irving | B53: =VLOOKUP($A53, '26 ADP Data'!$C$3:$R$298, 2, FALSE) -> TB | C53: =VLOOKUP($A53, '26 ADP Data'!$C$3:$R$298, 16, FALSE) -> RB | F53: RB2 - 1 - Weekly Start | G53: 22 | H53: 2024 Rookie R4 | I53: =VLOOKUP($A53, '26 ADP Data'!$C$3:$Q$298, 13, FALSE) -> 52 | J53: =VLOOKUP($A53, '26 ADP Data'!$C$3:$Q$298, 10, FALSE) -> 50 | K53: 47
A54: Tyler Warren | B54: =VLOOKUP($A54, '26 ADP Data'!$C$3:$R$298, 2, FALSE) -> IND | C54: =VLOOKUP($A54, '26 ADP Data'!$C$3:$R$298, 16, FALSE) -> TE | F54: TE1 - 2 - Weekly Advantage | G54: 3 | I54: =VLOOKUP($A54, '26 ADP Data'!$C$3:$Q$298, 13, FALSE) -> 63 | J54: =VLOOKUP($A54, '26 ADP Data'!$C$3:$Q$298, 10, FALSE) -> 46 | K54: 57
A55: Jadarian Price | B55: =VLOOKUP($A55, '26 ADP Data'!$C$3:$R$298, 2, FALSE) -> SEA | C55: =VLOOKUP($A55, '26 ADP Data'!$C$3:$R$298, 16, FALSE) -> RB | E55: Yes | F55: RB2 - 1 - Weekly Start | G55: 23 | H55: Rookie R1.32 | I55: =VLOOKUP($A55, '26 ADP Data'!$C$3:$Q$298, 13, FALSE) -> 60 | J55: =VLOOKUP($A55, '26 ADP Data'!$C$3:$Q$298, 10, FALSE) -> 59 | K55: 68
A56: Christian Watson | B56: =VLOOKUP($A56, '26 ADP Data'!$C$3:$R$298, 2, FALSE) -> GB | C56: =VLOOKUP($A56, '26 ADP Data'!$C$3:$R$298, 16, FALSE) -> WR | E56: Yes | F56: WR3 - 1 - Clear path to WR2 | G56: 25 | H56: FFB My Guy | I56: =VLOOKUP($A56, '26 ADP Data'!$C$3:$Q$298, 13, FALSE) -> 57 | J56: =VLOOKUP($A56, '26 ADP Data'!$C$3:$Q$298, 10, FALSE) -> 52 | K56: 59
A57: Bhayshul Tuten | B57: =VLOOKUP($A57, '26 ADP Data'!$C$3:$R$298, 2, FALSE) -> JAX | C57: =VLOOKUP($A57, '26 ADP Data'!$C$3:$R$298, 16, FALSE) -> RB | F57: RB2 - 2 - 2 of 3 | G57: 24 | H57: 2025 Rookie R4 | I57: =VLOOKUP($A57, '26 ADP Data'!$C$3:$Q$298, 13, FALSE) -> 49 | J57: =VLOOKUP($A57, '26 ADP Data'!$C$3:$Q$298, 10, FALSE) -> 58 | K57: 63
A58: Rome Odunze | B58: =VLOOKUP($A58, '26 ADP Data'!$C$3:$R$298, 2, FALSE) -> CHI | C58: =VLOOKUP($A58, '26 ADP Data'!$C$3:$R$298, 16, FALSE) -> WR | F58: WR3 - 1 - Clear path to WR2 | G58: 26 | I58: =VLOOKUP($A58, '26 ADP Data'!$C$3:$Q$298, 13, FALSE) -> 59 | J58: =VLOOKUP($A58, '26 ADP Data'!$C$3:$Q$298, 10, FALSE) -> 51 | K58: 58
A59: Drake Maye | B59: =VLOOKUP($A59, '26 ADP Data'!$C$3:$R$298, 2, FALSE) -> NE | C59: =VLOOKUP($A59, '26 ADP Data'!$C$3:$R$298, 16, FALSE) -> QB | E59: Yes | F59: QB1 - 3 - Weekly Starter | G59: 5 | I59: =VLOOKUP($A59, '26 ADP Data'!$C$3:$Q$298, 13, FALSE) -> 66 | J59: =VLOOKUP($A59, '26 ADP Data'!$C$3:$Q$298, 10, FALSE) -> 61 | K59: 43
A60: Mike Evans | B60: =VLOOKUP($A60, '26 ADP Data'!$C$3:$R$298, 2, FALSE) -> SF | C60: =VLOOKUP($A60, '26 ADP Data'!$C$3:$R$298, 16, FALSE) -> WR | F60: WR3 - 1 - Clear path to WR2 | G60: 27 | I60: =VLOOKUP($A60, '26 ADP Data'!$C$3:$Q$298, 13, FALSE) -> 54 | J60: =VLOOKUP($A60, '26 ADP Data'!$C$3:$Q$298, 10, FALSE) -> 60 | K60: 66
A61: Joe Burrow | B61: =VLOOKUP($A61, '26 ADP Data'!$C$3:$R$298, 2, FALSE) -> CIN | C61: =VLOOKUP($A61, '26 ADP Data'!$C$3:$R$298, 16, FALSE) -> QB | E61: Yes | F61: QB1 - 3 - Weekly Starter | G61: 3 | I61: =VLOOKUP($A61, '26 ADP Data'!$C$3:$Q$298, 13, FALSE) -> 68 | J61: =VLOOKUP($A61, '26 ADP Data'!$C$3:$Q$298, 10, FALSE) -> 64 | K61: 49
A62: David Montgomery | B62: =VLOOKUP($A62, '26 ADP Data'!$C$3:$R$298, 2, FALSE) -> HOU | C62: =VLOOKUP($A62, '26 ADP Data'!$C$3:$R$298, 16, FALSE) -> RB | F62: RB2 - 2 - 2 of 3 | G62: 25 | I62: =VLOOKUP($A62, '26 ADP Data'!$C$3:$Q$298, 13, FALSE) -> 47 | J62: =VLOOKUP($A62, '26 ADP Data'!$C$3:$Q$298, 10, FALSE) -> 57 | K62: 65
A63: Jameson Williams | B63: =VLOOKUP($A63, '26 ADP Data'!$C$3:$R$298, 2, FALSE) -> DET | C63: =VLOOKUP($A63, '26 ADP Data'!$C$3:$R$298, 16, FALSE) -> WR | F63: WR3 - 1 - Clear path to WR2 | G63: 28 | I63: =VLOOKUP($A63, '26 ADP Data'!$C$3:$Q$298, 13, FALSE) -> 50 | J63: =VLOOKUP($A63, '26 ADP Data'!$C$3:$Q$298, 10, FALSE) -> 49 | K63: 52
A64: DK Metcalf | B64: =VLOOKUP($A64, '26 ADP Data'!$C$3:$R$298, 2, FALSE) -> PIT | C64: =VLOOKUP($A64, '26 ADP Data'!$C$3:$R$298, 16, FALSE) -> WR | F64: WR3 - 1 - Clear path to WR2 | G64: 29 | I64: =VLOOKUP($A64, '26 ADP Data'!$C$3:$Q$298, 13, FALSE) -> 74 | J64: =VLOOKUP($A64, '26 ADP Data'!$C$3:$Q$298, 10, FALSE) -> 76 | K64: 82
A65: Luther Burden | B65: =VLOOKUP($A65, '26 ADP Data'!$C$3:$R$298, 2, FALSE) -> CHI | C65: =VLOOKUP($A65, '26 ADP Data'!$C$3:$R$298, 16, FALSE) -> WR | F65: WR3 - 1 - Clear path to WR2 | G65: 30 | H65: 2025 R2 | I65: =VLOOKUP($A65, '26 ADP Data'!$C$3:$Q$298, 13, FALSE) -> 43 | J65: =VLOOKUP($A65, '26 ADP Data'!$C$3:$Q$298, 10, FALSE) -> 44 | K65: 46
A66: Jayden Daniels | B66: =VLOOKUP($A66, '26 ADP Data'!$C$3:$R$298, 2, FALSE) -> WAS | C66: =VLOOKUP($A66, '26 ADP Data'!$C$3:$R$298, 16, FALSE) -> QB | E66: Yes | F66: QB1 - 3 - Weekly Starter | G66: 4 | I66: =VLOOKUP($A66, '26 ADP Data'!$C$3:$Q$298, 13, FALSE) -> 70 | J66: =VLOOKUP($A66, '26 ADP Data'!$C$3:$Q$298, 10, FALSE) -> 67 | K66: 53
A67: TreVeyon Henderson | B67: =VLOOKUP($A67, '26 ADP Data'!$C$3:$R$298, 2, FALSE) -> NE | C67: =VLOOKUP($A67, '26 ADP Data'!$C$3:$R$298, 16, FALSE) -> RB | F67: RB2 - 2 - 2 of 3 | G67: 26 | H67: 2025 Rookie R2 | I67: =VLOOKUP($A67, '26 ADP Data'!$C$3:$Q$298, 13, FALSE) -> 61 | J67: =VLOOKUP($A67, '26 ADP Data'!$C$3:$Q$298, 10, FALSE) -> 65 | K67: 56
A68: Alec Pierce | B68: =VLOOKUP($A68, '26 ADP Data'!$C$3:$R$298, 2, FALSE) -> IND | C68: =VLOOKUP($A68, '26 ADP Data'!$C$3:$R$298, 16, FALSE) -> WR | E68: Yes | F68: WR3 - 1 - Clear path to WR2 | G68: 31 | H68: Ankle injury. Verify before draft | I68: =VLOOKUP($A68, '26 ADP Data'!$C$3:$Q$298, 13, FALSE) -> 93 | J68: =VLOOKUP($A68, '26 ADP Data'!$C$3:$Q$298, 10, FALSE) -> 96 | K68: 75
A69: Jalen Hurts | B69: =VLOOKUP($A69, '26 ADP Data'!$C$3:$R$298, 2, FALSE) -> PHI | C69: =VLOOKUP($A69, '26 ADP Data'!$C$3:$R$298, 16, FALSE) -> QB | E69: Yes | F69: QB1 - 3 - Weekly Starter | G69: 6 | I69: =VLOOKUP($A69, '26 ADP Data'!$C$3:$Q$298, 13, FALSE) -> 72 | J69: =VLOOKUP($A69, '26 ADP Data'!$C$3:$Q$298, 10, FALSE) -> 63 | K69: 62
A70: Rico Dowdle | B70: =VLOOKUP($A70, '26 ADP Data'!$C$3:$R$298, 2, FALSE) -> PIT | C70: =VLOOKUP($A70, '26 ADP Data'!$C$3:$R$298, 16, FALSE) -> RB | F70: RB3 | G70: 27 | I70: =VLOOKUP($A70, '26 ADP Data'!$C$3:$Q$298, 13, FALSE) -> 82 | J70: =VLOOKUP($A70, '26 ADP Data'!$C$3:$Q$298, 10, FALSE) -> 86 | K70: 74
A71: D.J. Moore | B71: =VLOOKUP($A71, '26 ADP Data'!$C$3:$R$298, 2, FALSE) -> BUF | C71: =VLOOKUP($A71, '26 ADP Data'!$C$3:$R$298, 16, FALSE) -> WR | F71: WR3 - 1 - Clear path to WR2 | G71: 32 | I71: =VLOOKUP($A71, '26 ADP Data'!$C$3:$Q$298, 13, FALSE) -> 53 | J71: =VLOOKUP($A71, '26 ADP Data'!$C$3:$Q$298, 10, FALSE) -> 45 | K71: 55
A72: De'Zhaun Stribling | B72: =VLOOKUP($A72, '26 ADP Data'!$C$3:$R$298, 2, FALSE) -> SF | C72: =VLOOKUP($A72, '26 ADP Data'!$C$3:$R$298, 16, FALSE) -> WR | E72: Yes | F72: WR3 - 1 - Clear path to WR2 | G72: 33 | H72: Rookie R2 Ole Miss. FFB My Guy | I72: =VLOOKUP($A72, '26 ADP Data'!$C$3:$Q$298, 13, FALSE) -> 109 | J72: =VLOOKUP($A72, '26 ADP Data'!$C$3:$Q$298, 10, FALSE) -> 93 | K72: '-
A73: Tony Pollard | B73: =VLOOKUP($A73, '26 ADP Data'!$C$3:$R$298, 2, FALSE) -> TEN | C73: =VLOOKUP($A73, '26 ADP Data'!$C$3:$R$298, 16, FALSE) -> RB | F73: RB3 | G73: 28 | I73: =VLOOKUP($A73, '26 ADP Data'!$C$3:$Q$298, 13, FALSE) -> 77 | J73: =VLOOKUP($A73, '26 ADP Data'!$C$3:$Q$298, 10, FALSE) -> 81 | K73: 88
A74: Caleb Williams | B74: =VLOOKUP($A74, '26 ADP Data'!$C$3:$R$298, 2, FALSE) -> CHI | C74: =VLOOKUP($A74, '26 ADP Data'!$C$3:$R$298, 16, FALSE) -> QB | F74: QB1 - 4 - Lower Floor | G74: 7 | H74: FFB My Guy | I74: =VLOOKUP($A74, '26 ADP Data'!$C$3:$Q$298, 13, FALSE) -> 73 | J74: =VLOOKUP($A74, '26 ADP Data'!$C$3:$Q$298, 10, FALSE) -> 72 | K74: 76
A75: Tucker Kraft | B75: =VLOOKUP($A75, '26 ADP Data'!$C$3:$R$298, 2, FALSE) -> GB | C75: =VLOOKUP($A75, '26 ADP Data'!$C$3:$R$298, 16, FALSE) -> TE | F75: TE1 - 3 - Weekly starter | G75: 5 | I75: =VLOOKUP($A75, '26 ADP Data'!$C$3:$Q$298, 13, FALSE) -> 76 | J75: =VLOOKUP($A75, '26 ADP Data'!$C$3:$Q$298, 10, FALSE) -> 66 | K75: 64
A76: Jonathon Brooks | B76: =VLOOKUP($A76, '26 ADP Data'!$C$3:$R$298, 2, FALSE) -> CAR | C76: =VLOOKUP($A76, '26 ADP Data'!$C$3:$R$298, 16, FALSE) -> RB | F76: RB3 | G76: 29 | H76: 2024 Rookie R2 | I76: =VLOOKUP($A76, '26 ADP Data'!$C$3:$Q$298, 13, FALSE) -> 75 | J76: =VLOOKUP($A76, '26 ADP Data'!$C$3:$Q$298, 10, FALSE) -> 77 | K76: 125
A77: Marvin Harrison Jr. | B77: =VLOOKUP($A77, '26 ADP Data'!$C$3:$R$298, 2, FALSE) -> ARI | C77: =VLOOKUP($A77, '26 ADP Data'!$C$3:$R$298, 16, FALSE) -> WR | F77: WR3 - 1 - Clear path to WR2 | G77: 35 | I77: =VLOOKUP($A77, '26 ADP Data'!$C$3:$Q$298, 13, FALSE) -> 65 | J77: =VLOOKUP($A77, '26 ADP Data'!$C$3:$Q$298, 10, FALSE) -> 68 | K77: 71
A78: Parker Washington | B78: =VLOOKUP($A78, '26 ADP Data'!$C$3:$R$298, 2, FALSE) -> JAX | C78: =VLOOKUP($A78, '26 ADP Data'!$C$3:$R$298, 16, FALSE) -> WR | F78: WR4 - 1 - Path to WR2 | G78: 36 | H78: 2026 6th rd WR | I78: =VLOOKUP($A78, '26 ADP Data'!$C$3:$Q$298, 13, FALSE) -> 56 | J78: =VLOOKUP($A78, '26 ADP Data'!$C$3:$Q$298, 10, FALSE) -> 54 | K78: 94
A79: Courtland Sutton | B79: =VLOOKUP($A79, '26 ADP Data'!$C$3:$R$298, 2, FALSE) -> DEN | C79: =VLOOKUP($A79, '26 ADP Data'!$C$3:$R$298, 16, FALSE) -> WR | F79: WR4 - 1 - Path to WR2 | G79: 37 | I79: =VLOOKUP($A79, '26 ADP Data'!$C$3:$Q$298, 13, FALSE) -> 81 | J79: =VLOOKUP($A79, '26 ADP Data'!$C$3:$Q$298, 10, FALSE) -> 100 | K79: 81
A80: Makai Lemon | B80: =VLOOKUP($A80, '26 ADP Data'!$C$3:$R$298, 2, FALSE) -> PHI | C80: =VLOOKUP($A80, '26 ADP Data'!$C$3:$R$298, 16, FALSE) -> WR | F80: WR4 - 1 - Path to WR2 | G80: 38 | H80: Rookie R1.20 USC | I80: =VLOOKUP($A80, '26 ADP Data'!$C$3:$Q$298, 13, FALSE) -> 80 | J80: =VLOOKUP($A80, '26 ADP Data'!$C$3:$Q$298, 10, FALSE) -> 102 | K80: 78
A81: Harold Fannin | B81: =VLOOKUP($A81, '26 ADP Data'!$C$3:$R$298, 2, FALSE) -> CLE | C81: =VLOOKUP($A81, '26 ADP Data'!$C$3:$R$298, 16, FALSE) -> TE | F81: TE1 - 3 - Weekly starter | G81: 6 | I81: =VLOOKUP($A81, '26 ADP Data'!$C$3:$Q$298, 13, FALSE) -> 105 | J81: =VLOOKUP($A81, '26 ADP Data'!$C$3:$Q$298, 10, FALSE) -> 78 | K81: 80
A82: Kyle Pitts | B82: =VLOOKUP($A82, '26 ADP Data'!$C$3:$R$298, 2, FALSE) -> ATL | C82: =VLOOKUP($A82, '26 ADP Data'!$C$3:$R$298, 16, FALSE) -> TE | E82: Yes | F82: TE1 - 3 - Weekly starter | G82: 7 | I82: =VLOOKUP($A82, '26 ADP Data'!$C$3:$Q$298, 13, FALSE) -> 101 | J82: =VLOOKUP($A82, '26 ADP Data'!$C$3:$Q$298, 10, FALSE) -> 79 | K82: 87
A83: Blake Corum | B83: =VLOOKUP($A83, '26 ADP Data'!$C$3:$R$298, 2, FALSE) -> LAR | C83: =VLOOKUP($A83, '26 ADP Data'!$C$3:$R$298, 16, FALSE) -> RB | F83: RB3 | G83: 30 | H83: 2024 Rookie R3 | I83: =VLOOKUP($A83, '26 ADP Data'!$C$3:$Q$298, 13, FALSE) -> 86 | J83: =VLOOKUP($A83, '26 ADP Data'!$C$3:$Q$298, 10, FALSE) -> 92 | K83: 90
A84: Justin Herbert | B84: =VLOOKUP($A84, '26 ADP Data'!$C$3:$R$298, 2, FALSE) -> LAC | C84: =VLOOKUP($A84, '26 ADP Data'!$C$3:$R$298, 16, FALSE) -> QB | F84: QB1 - 4 - Lower Floor | G84: 9 | I84: =VLOOKUP($A84, '26 ADP Data'!$C$3:$Q$298, 13, FALSE) -> 84 | J84: =VLOOKUP($A84, '26 ADP Data'!$C$3:$Q$298, 10, FALSE) -> 75 | K84: 69
A85: Dak Prescott | B85: =VLOOKUP($A85, '26 ADP Data'!$C$3:$R$298, 2, FALSE) -> DAL | C85: =VLOOKUP($A85, '26 ADP Data'!$C$3:$R$298, 16, FALSE) -> QB | F85: QB1 - 4 - Lower Floor | G85: 8 | I85: =VLOOKUP($A85, '26 ADP Data'!$C$3:$Q$298, 13, FALSE) -> 79 | J85: =VLOOKUP($A85, '26 ADP Data'!$C$3:$Q$298, 10, FALSE) -> 83 | K85: 89
A86: Sam LaPorta | B86: =VLOOKUP($A86, '26 ADP Data'!$C$3:$R$298, 2, FALSE) -> DET | C86: =VLOOKUP($A86, '26 ADP Data'!$C$3:$R$298, 16, FALSE) -> TE | F86: TE1 - 3 - Weekly starter | G86: 8 | I86: =VLOOKUP($A86, '26 ADP Data'!$C$3:$Q$298, 13, FALSE) -> 90 | J86: =VLOOKUP($A86, '26 ADP Data'!$C$3:$Q$298, 10, FALSE) -> 70 | K86: 84
A87: Jacory Croskey-Merritt | B87: =VLOOKUP($A87, '26 ADP Data'!$C$3:$R$298, 2, FALSE) -> WAS | C87: =VLOOKUP($A87, '26 ADP Data'!$C$3:$R$298, 16, FALSE) -> RB | F87: RB3 | G87: 31 | H87: 2025 Rookie R7 | I87: =VLOOKUP($A87, '26 ADP Data'!$C$3:$Q$298, 13, FALSE) -> 100 | J87: =VLOOKUP($A87, '26 ADP Data'!$C$3:$Q$298, 10, FALSE) -> 91 | K87: 97
A88: J.K. Dobbins | B88: =VLOOKUP($A88, '26 ADP Data'!$C$3:$R$298, 2, FALSE) -> DEN | C88: =VLOOKUP($A88, '26 ADP Data'!$C$3:$R$298, 16, FALSE) -> RB | F88: RB3 | G88: 32 | I88: =VLOOKUP($A88, '26 ADP Data'!$C$3:$Q$298, 13, FALSE) -> 95 | J88: =VLOOKUP($A88, '26 ADP Data'!$C$3:$Q$298, 10, FALSE) -> 85 | K88: 95
A89: Trevor Lawrence | B89: =VLOOKUP($A89, '26 ADP Data'!$C$3:$R$298, 2, FALSE) -> JAX | C89: =VLOOKUP($A89, '26 ADP Data'!$C$3:$R$298, 16, FALSE) -> QB | F89: QB2 - 1 - Strong Streamer | G89: 12 | I89: =VLOOKUP($A89, '26 ADP Data'!$C$3:$Q$298, 13, FALSE) -> 87 | J89: =VLOOKUP($A89, '26 ADP Data'!$C$3:$Q$298, 10, FALSE) -> 80 | K89: 86
A90: Chris Godwin | B90: =VLOOKUP($A90, '26 ADP Data'!$C$3:$R$298, 2, FALSE) -> TB | C90: =VLOOKUP($A90, '26 ADP Data'!$C$3:$R$298, 16, FALSE) -> WR | E90: Yes | F90: WR4 - 2 - Spot Start | G90: 39 | I90: =VLOOKUP($A90, '26 ADP Data'!$C$3:$Q$298, 13, FALSE) -> 85 | J90: =VLOOKUP($A90, '26 ADP Data'!$C$3:$Q$298, 10, FALSE) -> 82 | K90: 85
A91: Jaxson Dart | B91: =VLOOKUP($A91, '26 ADP Data'!$C$3:$R$298, 2, FALSE) -> NYG | C91: =VLOOKUP($A91, '26 ADP Data'!$C$3:$R$298, 16, FALSE) -> QB | F91: QB2 - 1 - Strong Streamer | G91: 10 | I91: =VLOOKUP($A91, '26 ADP Data'!$C$3:$Q$298, 13, FALSE) -> 104 | J91: =VLOOKUP($A91, '26 ADP Data'!$C$3:$Q$298, 10, FALSE) -> 107 | K91: 70
A92: Brian Thomas Jr. | B92: =VLOOKUP($A92, '26 ADP Data'!$C$3:$R$298, 2, FALSE) -> JAX | C92: =VLOOKUP($A92, '26 ADP Data'!$C$3:$R$298, 16, FALSE) -> WR | E92: No | F92: WR4 - 2 - Spot Start | G92: 40 | I92: =VLOOKUP($A92, '26 ADP Data'!$C$3:$Q$298, 13, FALSE) -> 64 | J92: =VLOOKUP($A92, '26 ADP Data'!$C$3:$Q$298, 10, FALSE) -> 73 | K92: 91
A93: Jayden Reed | B93: =VLOOKUP($A93, '26 ADP Data'!$C$3:$R$298, 2, FALSE) -> GB | C93: =VLOOKUP($A93, '26 ADP Data'!$C$3:$R$298, 16, FALSE) -> WR | F93: WR4 - 2 - Spot Start | G93: 41 | I93: =VLOOKUP($A93, '26 ADP Data'!$C$3:$Q$298, 13, FALSE) -> 78 | J93: =VLOOKUP($A93, '26 ADP Data'!$C$3:$Q$298, 10, FALSE) -> 94 | K93: 107
A94: Jordan Addison | B94: =VLOOKUP($A94, '26 ADP Data'!$C$3:$R$298, 2, FALSE) -> MIN | C94: =VLOOKUP($A94, '26 ADP Data'!$C$3:$R$298, 16, FALSE) -> WR | F94: WR4 - 2 - Spot Start | G94: 42 | I94: =VLOOKUP($A94, '26 ADP Data'!$C$3:$Q$298, 13, FALSE) -> 89 | J94: =VLOOKUP($A94, '26 ADP Data'!$C$3:$Q$298, 10, FALSE) -> 95 | K94: 102
A95: Rhamondre Stevenson | B95: =VLOOKUP($A95, '26 ADP Data'!$C$3:$R$298, 2, FALSE) -> NE | C95: =VLOOKUP($A95, '26 ADP Data'!$C$3:$R$298, 16, FALSE) -> RB | F95: RB3 | G95: 33 | I95: =VLOOKUP($A95, '26 ADP Data'!$C$3:$Q$298, 13, FALSE) -> 67 | J95: =VLOOKUP($A95, '26 ADP Data'!$C$3:$Q$298, 10, FALSE) -> 62 | K95: 83
A96: Jaylen Warren | B96: =VLOOKUP($A96, '26 ADP Data'!$C$3:$R$298, 2, FALSE) -> PIT | C96: =VLOOKUP($A96, '26 ADP Data'!$C$3:$R$298, 16, FALSE) -> RB | F96: RB3 | G96: 34 | I96: =VLOOKUP($A96, '26 ADP Data'!$C$3:$Q$298, 13, FALSE) -> 69 | J96: =VLOOKUP($A96, '26 ADP Data'!$C$3:$Q$298, 10, FALSE) -> 69 | K96: 72
A97: Quentin Johnston | B97: =VLOOKUP($A97, '26 ADP Data'!$C$3:$R$298, 2, FALSE) -> LAC | C97: =VLOOKUP($A97, '26 ADP Data'!$C$3:$R$298, 16, FALSE) -> WR | F97: WR4 - 2 - Spot Start | G97: 43 | I97: =VLOOKUP($A97, '26 ADP Data'!$C$3:$Q$298, 13, FALSE) -> 71 | J97: =VLOOKUP($A97, '26 ADP Data'!$C$3:$Q$298, 10, FALSE) -> 89 | K97: 113
A98: Kyle Monangai | B98: =VLOOKUP($A98, '26 ADP Data'!$C$3:$R$298, 2, FALSE) -> CHI | C98: =VLOOKUP($A98, '26 ADP Data'!$C$3:$R$298, 16, FALSE) -> RB | F98: RB3 | G98: 35 | H98: 2025 Rookie R7 | I98: =VLOOKUP($A98, '26 ADP Data'!$C$3:$Q$298, 13, FALSE) -> 108 | J98: =VLOOKUP($A98, '26 ADP Data'!$C$3:$Q$298, 10, FALSE) -> 110 | K98: 92
A99: Brock Purdy | B99: =VLOOKUP($A99, '26 ADP Data'!$C$3:$R$298, 2, FALSE) -> SF | C99: =VLOOKUP($A99, '26 ADP Data'!$C$3:$R$298, 16, FALSE) -> QB | F99: QB2 - 2 - Lower Floor | G99: 14 | I99: =VLOOKUP($A99, '26 ADP Data'!$C$3:$Q$298, 13, FALSE) -> 103 | J99: =VLOOKUP($A99, '26 ADP Data'!$C$3:$Q$298, 10, FALSE) -> 101 | K99: 100
A100: Matthew Stafford | B100: =VLOOKUP($A100, '26 ADP Data'!$C$3:$R$298, 2, FALSE) -> LAR | C100: =VLOOKUP($A100, '26 ADP Data'!$C$3:$R$298, 16, FALSE) -> QB | F100: QB2 - 2 - Lower Floor | G100: 15 | I100: =VLOOKUP($A100, '26 ADP Data'!$C$3:$Q$298, 13, FALSE) -> 113 | J100: =VLOOKUP($A100, '26 ADP Data'!$C$3:$Q$298, 10, FALSE) -> 115 | K100: 116
...

Sheet 26 ADP Data
A1: Past Data From: https://www.4for4.com/adp?paging=0
A2: Data as of 9/2/25
A3: 0 | B3: 0 | C3: 1 | D3: 2 | E3: 3 | F3: 4 | G3: 5 | H3: 6 | I3: 7 | J3: 8 | K3: 9 | L3: 10 | M3: 11 | N3: 12 | O3: 13 | P3: 14 | Q3: 15 | R3: 16
A4: ADP | B4: Position | C4: Player | D4: Team | E4: CBS | F4: ESPN | G4: Fantrax | H4: FFPC | I4: NFFC | J4: NFL | K4: Sleeper | L4: Y! | M4: BB10s | N4: Drafters | O4: Underdog | P4: 10-Team | Q4: 12-Team | R4: Position
A5: 1 | B5: RB-01 | C5: Jahmyr Gibbs | D5: DET | E5: 1 | F5: 1 | G5: 1 | H5: 1 | I5: 1 | J5: - | K5: 1 | L5: 1 | M5: - | N5: 1 | O5: 1 | P5: 1.01 | Q5: 1.01 | R5: =LEFT(B5, 2) -> RB
A6: 2 | B6: RB-02 | C6: Bijan Robinson | D6: ATL | E6: 2 | F6: 2 | G6: 2 | H6: 2 | I6: 2 | J6: - | K6: 2 | L6: 2 | M6: - | N6: 2 | O6: 2 | P6: 1.02 | Q6: 1.02 | R6: =LEFT(B6, 2) -> RB
A7: 3 | B7: WR-01 | C7: Ja'Marr Chase | D7: CIN | E7: 3 | F7: 3 | G7: 3 | H7: 3 | I7: 3 | J7: - | K7: 3 | L7: 3 | M7: - | N7: 3 | O7: 3 | P7: 1.03 | Q7: 1.03 | R7: =LEFT(B7, 2) -> WR
A8: 4 | B8: WR-02 | C8: Puka Nacua | D8: LAR | E8: 4 | F8: 4 | G8: 4 | H8: 4 | I8: 4 | J8: - | K8: 6 | L8: 4 | M8: - | N8: 4 | O8: 4 | P8: 1.04 | Q8: 1.04 | R8: =LEFT(B8, 2) -> WR
A9: 5 | B9: RB-03 | C9: Christian McCaffrey | D9: SF | E9: 7 | F9: 7 | G9: 5 | H9: 5 | I9: 7 | J9: - | K9: 4 | L9: 6 | M9: - | N9: 7 | O9: 6 | P9: 1.05 | Q9: 1.05 | R9: =LEFT(B9, 2) -> RB
A10: 6 | B10: WR-03 | C10: Jaxon Smith-Njigba | D10: SEA | E10: 6 | F10: 6 | G10: 6 | H10: 6 | I10: 5 | J10: - | K10: 8 | L10: 8 | M10: - | N10: 5 | O10: 5 | P10: 1.06 | Q10: 1.06 | R10: =LEFT(B10, 2) -> WR
A11: 7 | B11: RB-04 | C11: Jonathan Taylor | D11: IND | E11: 5 | F11: 5 | G11: 7 | H11: 8 | I11: 8 | J11: - | K11: 5 | L11: 5 | M11: - | N11: 8 | O11: 8 | P11: 1.07 | Q11: 1.07 | R11: =LEFT(B11, 2) -> RB
A12: 8 | B12: WR-04 | C12: Amon-Ra St. Brown | D12: DET | E12: 8 | F12: 8 | G12: 8 | H12: 7 | I12: 6 | J12: - | K12: 7 | L12: 7 | M12: - | N12: 6 | O12: 7 | P12: 1.08 | Q12: 1.08 | R12: =LEFT(B12, 2) -> WR
A13: 9 | B13: RB-05 | C13: James Cook | D13: BUF | E13: 9 | F13: 9 | G13: 9 | H13: 10 | I13: 9 | J13: - | K13: 9 | L13: 9 | M13: - | N13: 9 | O13: 10 | P13: 1.09 | Q13: 1.09 | R13: =LEFT(B13, 2) -> RB
A14: 10 | B14: WR-05 | C14: CeeDee Lamb | D14: DAL | E14: 12 | F14: 10 | G14: 10 | H14: 13 | I14: 10 | J14: - | K14: 11 | L14: 12 | M14: - | N14: 10 | O14: 9 | P14: 1.1 | Q14: 1.1 | R14: =LEFT(B14, 2) -> WR
A15: 11 | B15: WR-06 | C15: Justin Jefferson | D15: MIN | E15: 15 | F15: 11 | G15: 12 | H15: 12 | I15: 11 | J15: - | K15: 12 | L15: 13 | M15: - | N15: 11 | O15: 11 | P15: 2.01 | Q15: 1.11 | R15: =LEFT(B15, 2) -> WR
A16: 12 | B16: RB-06 | C16: Chase Brown | D16: CIN | E16: 10 | F16: 16 | G16: 11 | H16: 11 | I16: 12 | J16: - | K16: 17 | L16: 14 | M16: - | N16: 12 | O16: 14 | P16: 2.02 | Q16: 1.12 | R16: =LEFT(B16, 2) -> RB
... A168: 164 | B168: RB-57 | C168: Isiah Pacheco | D168: DET | E168: 173 | F168: 175 | G168: 268 | H168: 197 | I168: 189 | J168: - | K168: 176 | L168: 197 | M168: - | N168: 237 | O168: 196 | P168: 17.04 | Q168: 14.08 | R168: =LEFT(B168, 2) -> RB
A169: 165 | B169: WR-62 | C169: Ja'Kobi Lane | D169: BAL | E169: 167 | F169: 197 | G169: - | H169: 148 | I169: 156 | J169: - | K169: 143 | L169: 161 | M169: - | N169: 140 | O169: 148 | P169: 17.05 | Q169: 14.09 | R169: =LEFT(B169, 2) -> WR
A170: 166 | B170: QB-24 | C170: Sam Darnold | D170: SEA | E170: 152 | F170: 161 | G170: - | H170: 172 | I170: 157 | J170: - | K170: 185 | L170: 156 | M170: - | N170: 143 | O170: 143 | P170: 17.06 | Q170: 14.1 | R170: =LEFT(B170, 2) -> QB
A171: 167 | B171: TE-24 | C171: Chigoziem Okonkwo | D171: WAS | E171: 197 | F171: - | G171: 225 | H171: 138 | I171: 162 | J171: - | K171: 192 | L171: 158 | M171: - | N171: 154 | O171: 147 | P171: 17.07 | Q171: 14.11 | R171: =LEFT(B171, 2) -> TE
A172: 168 | B172: WR-63 | C172: Kayshon Boutte | D172: HOU | E172: 191 | F172: - | G172: 198 | H172: 167 | I172: 171 | J172: - | K172: 177 | L172: 177 | M172: - | N172: 165 | O172: 175 | P172: 17.08 | Q172: 14.12 | R172: =LEFT(B172, 2) -> WR
A173: 169 | B173: WR-64 | C173: Jalen McMillan | D173: TB | E173: - | F173: 164 | G173: 235 | H173: 168 | I173: 155 | J173: - | K173: 210 | L173: 160 | M173: - | N173: 175 | O173: 157 | P173: 17.09 | Q173: 15.01 | R173: =LEFT(B173, 2) -> WR
A174: 170 | B174: RB-58 | C174: Tyrone Tracy | D174: NYG | E174: 161 | F174: - | G174: 182 | H174: 175 | I174: 160 | J174: - | K174: 152 | L174: 232 | M174: - | N174: 207 | O174: 162 | P174: 17.1 | Q174: 15.02 | R174: =LEFT(B174, 2) -> RB
A175: 171 | B175: RB-59 | C175: Braelon Allen | D175: NYJ | E175: 179 | F175: - | G175: 213 | H175: 159 | I175: 175 | J175: - | K175: 186 | L175: 164 | M175: - | N175: 182 | O175: 179 | P175: 18.01 | Q175: 15.03 | R175: =LEFT(B175, 2) -> RB
A176: 172 | B176: WR-65 | C176: Cyrus Allen | D176: KC | E176: - | F176: 233 | G176: 176 | H176: 164 | I176: 177 | J176: - | K176: 182 | L176: 180 | M176: - | N176: 173 | O176: 164 | P176: 18.02 | Q176: 15.04 | R176: =LEFT(B176, 2) -> WR
A177: 173 | B177: WR-66 | C177: Jalen Nailor | D177: LV | E177: 215 | F177: - | G177: 227 | H177: 177 | I177: 154 | J177: - | K177: 167 | L177: 186 | M177: - | N177: 181 | O177: 154 | P177: 18.03 | Q177: 15.05 | R177: =LEFT(B177, 2) -> WR
A178: 174 | B178: DEF-01 | C178: Houston Texans | D178: HOU | E178: 106 | F178: 84 | G178: 115 | H178: 192 | I178: 142 | J178: - | K178: 105 | L178: 150 | M178: - | N178: - | O178: - | P178: 18.04 | Q178: 15.06 | R178: =LEFT(B178, 2) -> DE
A179: 175 | B179: DEF-02 | C179: Los Angeles Rams | D179: LAR | E179: 103 | F179: 88 | G179: 144 | H179: 193 | I179: 143 | J179: - | K179: 97 | L179: 155 | M179: - | N179: - | O179: - | P179: 18.05 | Q179: 15.07 | R179: =LEFT(B179, 2) -> DE
A180: 176 | B180: WR-67 | C180: Malik Washington | D180: MIA | E180: - | F180: 251 | G180: 232 | H180: 173 | I180: 166 | J180: - | K180: 180 | L180: 208 | M180: - | N180: 167 | O180: 173 | P180: 18.06 | Q180: 15.08 | R180: =LEFT(B180, 2) -> WR
A181: 177 | B181: WR-68 | C181: Jauan Jennings | D181: MIN | E181: 212 | F181: - | G181: 190 | H181: 201 | I181: 174 | J181: - | K181: 213 | L181: 207 | M181: - | N181: 190 | O181: 176 | P181: 18.07 | Q181: 15.09 | R181: =LEFT(B181, 2) -> WR
A182: 178 | B182: DEF-03 | C182: Denver Broncos | D182: DEN | E182: 97 | F182: 89 | G182: 146 | H182: 198 | I182: 158 | J182: - | K182: 121 | L182: 163 | M182: - | N182: - | O182: - | P182: 18.08 | Q182: 15.1 | R182: =LEFT(B182, 2) -> DE
A183: 179 | B183: QB-25 | C183: Cam Ward | D183: TEN | E183: - | F183: 198 | G183: 257 | H183: 220 | I183: 197 | J183: - | K183: 230 | L183: 185 | M183: - | N183: 157 | O183: 161 | P183: 18.09 | Q183: 15.11 | R183: =LEFT(B183, 2) -> QB
A184: 180 | B184: WR-69 | C184: Travis Hunter | D184: JAX | E184: - | F184: 112 | G184: 328 | H184: 225 | I184: 210 | J184: - | K184: 188 | L184: 187 | M184: - | N184: 197 | O184: 163 | P184: 18.1 | Q184: 15.12 | R184: =LEFT(B184, 2) -> WR
A185: 181 | B185: WR-70 | C185: Caleb Douglas | D185: MIA | E185: 204 | F185: - | G185: 308 | H185: 174 | I185: 185 | J185: - | K185: 201 | L185: 179 | M185: - | N185: 185 | O185: 177 | P185: 19.01 | Q185: 16.01 | R185: =LEFT(B185, 2) -> WR
A186: 182 | B186: DEF-04 | C186: Seattle Seahawks | D186: SEA | E186: 118 | F186: 107 | G186: 162 | H186: 200 | I186: 153 | J186: - | K186: 114 | L186: 165 | M186: - | N186: - | O186: - | P186: 19.02 | Q186: 16.02 | R186: =LEFT(B186, 2) -> DE
A187: 183 | B187: QB-26 | C187: Bryce Young | D187: CAR | E187: - | F187: 185 | G187: 271 | H187: 233 | I187: 208 | J187: - | K187: 237 | L187: 182 | M187: - | N187: 163 | O187: 166 | P187: 19.03 | Q187: 16.03 | R187: =LEFT(B187, 2) -> QB
A188: 184 | B188: TE-25 | C188: Greg Dulcich | D188: MIA | E188: 198 | F188: - | G188: 318 | H188: 160 | I188: 203 | J188: - | K188: 251 | L188: 193 | M188: - | N188: 188 | O188: 188 | P188: 19.04 | Q188: 16.04 | R188: =LEFT(B188, 2) -> TE
A189: 185 | B189: DEF-05 | C189: Philadelphia Eagles | D189: PHI | E189: 134 | F189: 131 | G189: 188 | H189: 215 | I189: 176 | J189: - | K189: 129 | L189: 170 | M189: - | N189: - | O189: - | P189: 19.05 | Q189: 16.05 | R189: =LEFT(B189, 2) -> DE
A190: 186 | B190: WR-71 | C190: Cooper Kupp | D190: SEA | E190: 210 | F190: 201 | G190: 297 | H190: 231 | I190: 223 | J190: - | K190: 203 | L190: - | M190: - | N190: 212 | O190: 216 | P190: 19.06 | Q190: 16.06 | R190: =LEFT(B190, 2) -> WR
A191: 187 | B191: TE-26 | C191: Pat Freiermuth | D191: PIT | E191: - | F191: 210 | G191: 347 | H191: 179 | I191: 239 | J191: - | K191: 231 | L191: 216 | M191: - | N191: 193 | O191: 195 | P191: 19.07 | Q191: 16.07 | R191: =LEFT(B191, 2) -> TE
A192: 188 | B192: QB-27 | C192: Aaron Rodgers | D192: PIT | E192: - | F192: 196 | G192: 322 | H192: 240 | I192: 215 | J192: - | K192: 239 | L192: 249 | M192: - | N192: 171 | O192: 181 | P192: 19.08 | Q192: 16.08 | R192: =LEFT(B192, 2) -> QB
A193: 189 | B193: QB-28 | C193: Jacoby Brissett | D193: ARI | E193: - | F193: 221 | G193: 303 | H193: 234 | I193: 205 | J193: - | K193: 267 | L193: 209 | M193: - | N193: 178 | O193: 202 | P193: 19.09 | Q193: 16.09 | R193: =LEFT(B193, 2) -> QB
A194: 190 | B194: DEF-06 | C194: Baltimore Ravens | D194: BAL | E194: 156 | F194: 127 | G194: 216 | H194: 222 | I194: 193 | J194: - | K194: 133 | L194: 181 | M194: - | N194: - | O194: - | P194: 19.1 | Q194: 16.1 | R194: =LEFT(B194, 2) -> DE
A195: 191 | B195: WR-72 | C195: Dontayvion Wicks | D195: PHI | E195: - | F195: - | G195: 249 | H195: 165 | I195: 163 | J195: - | K195: 202 | L195: 152 | M195: - | N195: 148 | O195: 158 | P195: 20.01 | Q195: 16.11 | R195: =LEFT(B195, 2) -> WR
A196: 192 | B196: DEF-07 | C196: Pittsburgh Steelers | D196: PIT | E196: 146 | F196: 114 | G196: 208 | H196: 219 | I196: 186 | J196: - | K196: 169 | L196: 199 | M196: - | N196: - | O196: - | P196: 20.02 | Q196: 16.12 | R196: =LEFT(B196, 2) -> DE
A197: 193 | B197: DEF-08 | C197: New England Patriots | D197: NE | E197: 154 | F197: 150 | G197: 210 | H197: 221 | I197: 178 | J197: - | K197: 134 | L197: 200 | M197: - | N197: - | O197: - | P197: 20.03 | Q197: 17.01 | R197: =LEFT(B197, 2) -> DE
A198: 194 | B198: WR-73 | C198: Adonai Mitchell | D198: NYJ | E198: - | F198: - | G198: 269 | H198: 171 | I198: 164 | J198: - | K198: 223 | L198: 145 | M198: - | N198: 155 | O198: 167 | P198: 20.04 | Q198: 17.02 | R198: =LEFT(B198, 2) -> WR
A199: 195 | B199: RB-60 | C199: Ray Davis | D199: BUF | E199: - | F199: - | G199: 254 | H199: 163 | I199: 173 | J199: - | K199: 205 | L199: 159 | M199: - | N199: 174 | O199: 186 | P199: 20.05 | Q199: 17.03 | R199: =LEFT(B199, 2) -> RB
A200: 196 | B200: DEF-09 | C200: Minnesota Vikings | D200: MIN | E200: 135 | F200: 190 | G200: 223 | H200: 229 | I200: 192 | J200: - | K200: 157 | L200: 189 | M200: - | N200: - | O200: - | P200: 20.06 | Q200: 17.04 | R200: =LEFT(B200, 2) -> DE
A201: 197 | B201: DEF-10 | C201: Jacksonville Jaguars | D201: JAX | E201: 168 | F201: 177 | G201: 219 | H201: 218 | I201: 179 | J201: - | K201: 158 | L201: 198 | M201: - | N201: - | O201: - | P201: 20.07 | Q201: 17.05 | R201: =LEFT(B201, 2) -> DE
A202: 198 | B202: DEF-11 | C202: Los Angeles Chargers | D202: LAC | E202: 166 | F202: 170 | G202: 230 | H202: 212 | I202: 187 | J202: - | K202: 156 | L202: 233 | M202: - | N202: - | O202: - | P202: 20.08 | Q202: 17.06 | R202: =LEFT(B202, 2) -> DE
A203: 199 | B203: WR-74 | C203: Ryan Flournoy | D203: DAL | E203: - | F203: - | G203: 266 | H203: 188 | I203: 169 | J203: - | K203: 233 | L203: 172 | M203: - | N203: 164 | O203: 170 | P203: 20.09 | Q203: 17.07 | R203: =LEFT(B203, 2) -> WR
A204: 200 | B204: WR-75 | C204: Tre' Harris | D204: LAC | E204: - | F204: - | G204: 296 | H204: 184 | I204: 161 | J204: - | K204: 229 | L204: 184 | M204: - | N204: 161 | O204: 159 | P204: 20.1 | Q204: 17.08 | R204: =LEFT(B204, 2) -> WR
A205: 201 | B205: WR-76 | C205: Omar Cooper Jr. | D205: NYJ | E205: - | F205: - | G205: 239 | H205: 210 | I205: 198 | J205: - | K205: 197 | L205: 192 | M205: - | N205: 184 | O205: 172 | P205: 21.01 | Q205: 17.09 | R205: =LEFT(B205, 2) -> WR
A206: 202 | B206: TE-27 | C206: Oronde Gadsden | D206: LAC | E206: - | F206: - | G206: 233 | H206: 183 | I206: 194 | J206: - | K206: 172 | L206: 217 | M206: - | N206: 215 | O206: 198 | P206: 21.02 | Q206: 17.1 | R206: =LEFT(B206, 2) -> TE
A207: 203 | B207: QB-29 | C207: Fernando Mendoza | D207: LV | E207: - | F207: 188 | G207: - | H207: 242 | I207: 230 | J207: - | K207: 204 | L207: 214 | M207: - | N207: 196 | O207: 191 | P207: 21.03 | Q207: 17.11 | R207: =LEFT(B207, 2) -> QB
A208: 204 | B208: K-1 | C208: Brandon Aubrey | D208: DAL | E208: 105 | F208: 70 | G208: 130 | H208: 190 | I208: - | J208: - | K208: 135 | L208: 153 | M208: - | N208: - | O208: - | P208: 21.04 | Q208: 17.12 | R208: =LEFT(B208, 2) -> K-
A209: 205 | B209: TE-28 | C209: Cade Otton | D209: TB | E209: 193 | F209: - | G209: - | H209: 185 | I209: 237 | J209: - | K209: 257 | L209: 223 | M209: - | N209: 191 | O209: 192 | P209: 21.05 | Q209: 18.01 | R209: =LEFT(B209, 2) -> TE
A210: 206 | B210: DEF-12 | C210: Detroit Lions | D210: DET | E210: 182 | F210: 153 | G210: 279 | H210: 237 | I210: 227 | J210: - | K210: 173 | L210: 237 | M210: - | N210: - | O210: - | P210: 21.06 | Q210: 18.02 | R210: =LEFT(B210, 2) -> DE
A211: 207 | B211: RB-61 | C211: Kimani Vidal | D211: LAC | E211: - | F211: - | G211: 281 | H211: 182 | I211: 188 | J211: - | K211: 228 | L211: 213 | M211: - | N211: 192 | O211: 208 | P211: 21.07 | Q211: 18.03 | R211: =LEFT(B211, 2) -> RB
A212: 208 | B212: WR-77 | C212: Chris Bell | D212: MIA | E212: - | F212: - | G212: 329 | H212: 180 | I212: 204 | J212: - | K212: 215 | L212: 206 | M212: - | N212: 170 | O212: 193 | P212: 21.08 | Q212: 18.04 | R212: =LEFT(B212, 2) -> WR
A213: 209 | B213: WR-78 | C213: Malachi Fields | D213: NYG | E213: - | F213: - | G213: 330 | H213: 189 | I213: 190 | J213: - | K213: 199 | L213: 225 | M213: - | N213: 186 | O213: 187 | P213: 21.09 | Q213: 18.05 | R213: =LEFT(B213, 2) -> WR
A214: 210 | B214: RB-62 | C214: Justice Hill | D214: BAL | E214: - | F214: - | G214: 242 | H214: 178 | I214: 213 | J214: - | K214: 218 | L214: 246 | M214: - | N214: 201 | O214: 219 | P214: 21.1 | Q214: 18.06 | R214: =LEFT(B214, 2) -> RB
A215: 211 | B215: WR-79 | C215: Tank Dell | D215: HOU | E215: - | F215: 169 | G215: 286 | H215: 241 | I215: 216 | J215: - | K215: 194 | L215: - | M215: - | N215: 236 | O215: 190 | P215: 22.01 | Q215: 18.07 | R215: =LEFT(B215, 2) -> WR
A216: 212 | B216: WR-80 | C216: Calvin Ridley | D216: TEN | E216: 194 | F216: - | G216: 280 | H216: 217 | I216: 226 | J216: - | K216: 265 | L216: - | M216: - | N216: 194 | O216: 203 | P216: 22.02 | Q216: 18.08 | R216: =LEFT(B216, 2) -> WR
A217: 213 | B217: RB-63 | C217: Jordan James | D217: SF | E217: 208 | F217: - | G217: - | H217: 207 | I217: 221 | J217: - | K217: 222 | L217: 242 | M217: - | N217: 259 | O217: 229 | P217: 22.03 | Q217: 18.09 | R217: =LEFT(B217, 2) -> RB
A218: 214 | B218: K-2 | C218: Ka'imi Fairbairn | D218: HOU | E218: 133 | F218: 116 | G218: 172 | H218: 206 | I218: - | J218: - | K218: 140 | L218: 168 | M218: - | N218: - | O218: - | P218: 22.04 | Q218: 18.1 | R218: =LEFT(B218, 2) -> K-
A219: 215 | B219: DEF-13 | C219: Kansas City Chiefs | D219: KC | E219: 205 | F219: 174 | G219: 300 | H219: 272 | I219: 232 | J219: - | K219: 221 | L219: 239 | M219: - | N219: - | O219: - | P219: 22.05 | Q219: 18.11 | R219: =LEFT(B219, 2) -> DE
A220: 216 | B220: DEF-14 | C220: Green Bay Packers | D220: GB | E220: 207 | F220: 208 | G220: 291 | H220: 263 | I220: 229 | J220: - | K220: 208 | L220: 240 | M220: - | N220: - | O220: - | P220: 22.06 | Q220: 18.12 | R220: =LEFT(B220, 2) -> DE
A221: 217 | B221: WR-81 | C221: Zachariah Branch | D221: ATL | E221: - | F221: - | G221: 346 | H221: 251 | I221: 222 | J221: - | K221: 232 | L221: 212 | M221: - | N221: 205 | O221: 201 | P221: 22.07 | Q221: 19.01 | R221: =LEFT(B221, 2) -> WR
A222: 218 | B222: K-3 | C222: Jason Myers | D222: SEA | E222: 126 | F222: 106 | G222: 200 | H222: 208 | I222: - | J222: - | K222: 139 | L222: 188 | M222: - | N222: - | O222: - | P222: 22.08 | Q222: 19.02 | R222: =LEFT(B222, 2) -> K-
A223: 219 | B223: K-4 | C223: Cameron Dicker | D223: LAC | E223: 147 | F223: 101 | G223: 207 | H223: 213 | I223: - | J223: - | K223: 138 | L223: 178 | M223: - | N223: - | O223: - | P223: 22.09 | Q223: 19.03 | R223: =LEFT(B223, 2) -> K-
A224: 220 | B224: WR-82 | C224: Antonio Williams | D224: WAS | E224: - | F224: - | G224: 272 | H224: 261 | I224: 219 | J224: - | K224: 243 | L224: 238 | M224: - | N224: 241 | O224: 226 | P224: 22.1 | Q224: 19.04 | R224: =LEFT(B224, 2) -> WR
A225: 221 | B225: K-5 | C225: Cam Little | D225: JAX | E225: 153 | F225: 138 | G225: 203 | H225: 216 | I225: - | J225: - | K225: 146 | L225: 194 | M225: - | N225: - | O225: - | P225: 23.01 | Q225: 19.05 | R225: =LEFT(B225, 2) -> K-
A226: 222 | B226: WR-83 | C226: Pat Bryant | D226: DEN | E226: - | F226: - | G226: - | H226: 186 | I226: 184 | J226: - | K226: 226 | L226: 171 | M226: - | N226: 168 | O226: 171 | P226: 23.02 | Q226: 19.06 | R226: =LEFT(B226, 2) -> WR
A227: 223 | B227: K-6 | C227: Jake Bates | D227: DET | E227: 170 | F227: 156 | G227: 229 | H227: 230 | I227: - | J227: - | K227: 154 | L227: 235 | M227: - | N227: - | O227: - | P227: 23.03 | Q227: 19.07 | R227: =LEFT(B227, 2) -> K-
A228: 224 | B228: K-7 | C228: Eddy Pineiro | D228: SF | E228: 187 | F228: 140 | G228: 263 | H228: 232 | I228: - | J228: - | K228: 175 | L228: 220 | M228: - | N228: - | O228: - | P228: 23.04 | Q228: 19.08 | R228: =LEFT(B228, 2) -> K-
A229: 225 | B229: K-8 | C229: Tyler Loop | D229: BAL | E229: 211 | F229: 172 | G229: 231 | H229: 247 | I229: - | J229: - | K229: 190 | L229: 202 | M229: - | N229: - | O229: - | P229: 23.05 | Q229: 19.09 | R229: =LEFT(B229, 2) -> K-
A230: 226 | B230: RB-64 | C230: Nicholas Singleton | D230: TEN | E230: - | F230: - | G230: - | H230: 203 | I230: 202 | J230: - | K230: 212 | L230: 204 | M230: - | N230: 229 | O230: 213 | P230: 23.06 | Q230: 19.1 | R230: =LEFT(B230, 2) -> RB
A231: 227 | B231: WR-84 | C231: Ted Hurst | D231: TB | E231: - | F231: - | G231: - | H231: 209 | I231: 214 | J231: - | K231: 245 | L231: 241 | M231: - | N231: 187 | O231: 197 | P231: 23.07 | Q231: 19.11 | R231: =LEFT(B231, 2) -> WR
A232: 228 | B232: K-9 | C232: Evan McPherson | D232: CIN | E232: 189 | F232: 199 | G232: 276 | H232: 262 | I232: - | J232: - | K232: 151 | L232: 221 | M232: - | N232: - | O232: - | P232: 23.08 | Q232: 19.12 | R232: =LEFT(B232, 2) -> K-
A233: 229 | B233: RB-65 | C233: Kaytron Allen | D233: WAS | E233: - | F233: - | G233: - | H233: 202 | I233: 200 | J233: - | K233: 236 | L233: 227 | M233: - | N233: 218 | O233: 222 | P233: 23.09 | Q233: 20.01 | R233: =LEFT(B233, 2) -> RB
A234: 230 | B234: DEF-15 | C234: Dallas Cowboys | D234: DAL | E234: 195 | F234: 179 | G234: - | H234: 265 | I234: 246 | J234: - | K234: 200 | L234: 226 | M234: - | N234: - | O234: - | P234: 23.1 | Q234: 20.02 | R234: =LEFT(B234, 2) -> DE
A235: 231 | B235: RB-66 | C235: Malik Davis | D235: DAL | E235: - | F235: - | G235: 344 | H235: 181 | I235: 212 | J235: - | K235: - | L235: 176 | M235: - | N235: 177 | O235: 221 | P235: 24.01 | Q235: 20.03 | R235: =LEFT(B235, 2) -> RB
A236: 232 | B236: RB-67 | C236: Najee Harris | D236: NYG | E236: - | F236: - | G236: 341 | H236: 176 | I236: 206 | J236: - | K236: - | L236: 201 | M236: - | N236: 195 | O236: 200 | P236: 24.02 | Q236: 20.04 | R236: =LEFT(B236, 2) -> RB
A237: 233 | B237: K-10 | C237: Will Reichard | D237: MIN | E237: 203 | F237: 180 | G237: 333 | H237: 238 | I237: - | J237: - | K237: 166 | L237: 211 | M237: - | N237: - | O237: - | P237: 24.03 | Q237: 20.05 | R237: =LEFT(B237, 2) -> K-
A238: 234 | B238: TE-29 | C238: David Njoku | D238: LAC | E238: - | F238: 219 | G238: - | H238: 205 | I238: 252 | J238: - | K238: 224 | L238: - | M238: - | N238: 225 | O238: 212 | P238: 24.04 | Q238: 20.06 | R238: =LEFT(B238, 2) -> TE
A239: 235 | B239: QB-30 | C239: Geno Smith | D239: NYJ | E239: - | F239: - | G239: - | H239: 245 | I239: 225 | J239: - | K239: 275 | L239: 245 | M239: - | N239: 180 | O239: 189 | P239: 24.05 | Q239: 20.07 | R239: =LEFT(B239, 2) -> QB
A240: 236 | B240: RB-68 | C240: Demond Claiborne | D240: MIN | E240: - | F240: - | G240: - | H240: 223 | I240: 207 | J240: - | K240: 253 | L240: 203 | M240: - | N240: 235 | O240: 242 | P240: 24.06 | Q240: 20.08 | R240: =LEFT(B240, 2) -> RB
A241: 237 | B241: RB-69 | C241: George Holani | D241: SEA | E241: - | F241: - | G241: 324 | H241: 196 | I241: 195 | J241: - | K241: - | L241: 219 | M241: - | N241: 203 | O241: 234 | P241: 24.07 | Q241: 20.09 | R241: =LEFT(B241, 2) -> RB
A242: 238 | B242: WR-85 | C242: Isaac TeSlaa | D242: DET | E242: - | F242: - | G242: 301 | H242: 252 | I242: 196 | J242: - | K242: 238 | L242: - | M242: - | N242: 204 | O242: 207 | P242: 24.08 | Q242: 20.1 | R242: =LEFT(B242, 2) -> WR
A243: 239 | B243: RB-70 | C243: Jaydon Blue | D243: PHI | E243: - | F243: - | G243: 310 | H243: 248 | I243: 209 | J243: - | K243: 235 | L243: - | M243: - | N243: 231 | O243: 182 | P243: 24.09 | Q243: 20.11 | R243: =LEFT(B243, 2) -> RB
A244: 240 | B244: DEF-16 | C244: Buffalo Bills | D244: BUF | E244: 196 | F244: 193 | G244: 317 | H244: 255 | I244: 235 | J244: - | K244: - | L244: 243 | M244: - | N244: - | O244: - | P244: 24.1 | Q244: 20.12 | R244: =LEFT(B244, 2) -> DE
A245: 241 | B245: TE-30 | C245: Colby Parkinson | D245: LAR | E245: - | F245: - | G245: - | H245: 236 | I245: 242 | J245: - | K245: 283 | L245: 247 | M245: - | N245: 211 | O245: 220 | P245: 25.01 | Q245: 21.01 | R245: =LEFT(B245, 2) -> TE
A246: 242 | B246: RB-71 | C246: Sean Tucker | D246: TB | E246: - | F246: - | G246: 335 | H246: 246 | I246: 217 | J246: - | K246: 263 | L246: - | M246: - | N246: 242 | O246: 218 | P246: 25.02 | Q246: 21.02 | R246: =LEFT(B246, 2) -> RB
A247: 243 | B247: RB-72 | C247: James Conner | D247: ARI | E247: - | F247: - | G247: 319 | H247: 264 | I247: 255 | J247: - | K247: 227 | L247: - | M247: - | N247: 245 | O247: 248 | P247: 25.03 | Q247: 21.03 | R247: =LEFT(B247, 2) -> RB
A248: 244 | B248: WR-86 | C248: Tyreek Hill | D248: - | E248: - | F248: 229 | G248: - | H248: 306 | I248: 350 | J248: - | K248: 234 | L248: - | M248: - | N248: 260 | O248: 244 | P248: 25.04 | Q248: 21.04 | R248: =LEFT(B248, 2) -> WR
A249: 245 | B249: WR-87 | C249: Darnell Mooney | D249: NYG | E249: - | F249: - | G249: 326 | H249: 308 | I249: 244 | J249: - | K249: 279 | L249: - | M249: - | N249: 254 | O249: 240 | P249: 25.05 | Q249: 21.05 | R249: =LEFT(B249, 2) -> WR
A250: 246 | B250: K-11 | C250: Harrison Mevis | D250: LAR | E250: 188 | F250: 123 | G250: 236 | H250: 226 | I250: - | J250: - | K250: 160 | L250: - | M250: - | N250: - | O250: - | P250: 25.06 | Q250: 21.06 | R250: =LEFT(B250, 2) -> K-
A251: 247 | B251: WR-88 | C251: Devaughn Vele | D251: NO | E251: - | F251: - | G251: - | H251: 204 | I251: 211 | J251: - | K251: - | L251: 205 | M251: - | N251: 176 | O251: 185 | P251: 25.07 | Q251: 21.07 | R251: =LEFT(B251, 2) -> WR
...

Sheet 2026 Big Board
A1: 2026 Kepners | J1: Round | K1: 1 | L1: 2 | M1: 3 | N1: 4 | O1: 5 | P1: 6 | Q1: 7 | R1: 8 | S1: 9 | T1: 10 | U1: 11 | V1: 12 | W1: 13 | X1: 14 | Y1: 15 | Z1: 16
A2: Download List from: https://www.4for4.com/adp?paging=0 | B2: Research Action Items | J2: Targets | K2: =COUNTIF($D$7:$D$301, K1) -> 12 | L2: =COUNTIF($D$7:$D$301, L1) -> 12 | M2: =COUNTIF($D$7:$D$301, M1) -> 2 | N2: =COUNTIF($D$7:$D$301, N1) -> 0 | O2: =COUNTIF($D$7:$D$301, O1) -> 0 | P2: =COUNTIF($D$7:$D$301, P1) -> 0 | Q2: =COUNTIF($D$7:$D$301, Q1) -> 0 | R2: =COUNTIF($D$7:$D$301, R1) -> 0 | ... Z2: =COUNTIF($D$7:$D$301, Z1) -> 0
B3: 1. Finalize Keeper Data | J3: Cum Targets | K3: =K2 -> 12 | L3: =K3+L2 -> 24 | M3: =L3+M2 -> 26 | N3: =M3+N2 -> 26 | O3: =N3+O2 -> 26 | P3: =O3+P2 -> 26 | Q3: =P3+Q2 -> 26 | R3: =Q3+R2 -> 26 | S3: =R3+S2 -> 26 | ... Z3: =Y3+Z2 -> 26
B4: 2. Populate Target Rounds | J4: My Pick | K4: 2 | L4: =K4+21 -> 23 | M4: =L4+3 -> 26 | N4: =M4+21 -> 47 | O4: =N4+3 -> 50 | P4: =O4+21 -> 71 | Q4: =P4+3 -> 74 | R4: =Q4+21 -> 95 | S4: =R4+3 -> 98 | T4: =S4+21 -> 119 | U4: =T4+3 -> 122 | V4: =U4+21 -> 143 | W4: =V4+3 -> 146 | X4: =W4+21 -> 167 | Y4: =X4+3 -> 170 | Z4: =Y4+21 -> 191
J5: Enough Targets? | K5: =K3-K4 -> 10 | L5: =L3-L4 -> 1 | M5: =M3-M4 -> 0 | N5: =N3-N4 -> -21 | O5: =O3-O4 -> -24 | P5: =P3-P4 -> -45 | Q5: =Q3-Q4 -> -48 | R5: =R3-R4 -> -69 | ... Z5: =Z3-Z4 -> -165
A6: My Team | B6: Average Round | C6: Available? | D6: Target Round | E6: Draft Prep Mock | F6: Like | G6: Player | H6: Team | I6: Position | J6: Tier | K6: Sean Pos Rank | L6: Yahoo Avg Rnd | M6: Y! | N6: Underdog | O6: Underdog Diff | P6: CBS | Q6: ESPN | R6: FFPC | S6: Sleeper | T6: NFL | U6: AVG RK | V6: Avg Rd | W6: My Diff | X6: Diff from Old Rank | Y6: Notes
B7: =IFERROR(INT(AVERAGE(P7:T7)/12)+1, INT(AVERAGE(M7)/12)+1) -> 1 | C7: Yes | D7: 1 | F7: =VLOOKUP($G7, SeanRanks26!$A$2:$H$303, 5, FALSE) -> 0 | G7: Jahmyr Gibbs | H7: =VLOOKUP($G7, '26 ADP Data'!$C$4:$Q$298, 2, FALSE) -> DET | I7: =VLOOKUP(G7, '26 ADP Data'!$C$4:$R$496, 16, FALSE) -> RB | J7: =VLOOKUP($G7, SeanRanks26!$A$2:$H$303, 6, FALSE) -> RB1 - 1 - Elite | K7: =VLOOKUP($G7, SeanRanks26!$A$2:$H$303, 7, FALSE) -> 1 | L7: =IFERROR(INT(M7/12)+1, 16) -> 1 | M7: =VLOOKUP($G7, '26 ADP Data'!$C$4:$Q$298, 10, FALSE) -> 1 | N7: =VLOOKUP($G7, '26 ADP Data'!$C$4:$Q$298, 13, FALSE) -> 1 | O7: =M7-N7 -> 0 | P7: =VLOOKUP($G7, '26 ADP Data'!$C$4:$Q$298, 3, FALSE) -> 1 | Q7: =VLOOKUP($G7, '26 ADP Data'!$C$4:$Q$298, 4, FALSE) -> 1 | R7: =VLOOKUP($G7, '26 ADP Data'!$C$4:$Q$298, 6, FALSE) -> 1 | S7: =VLOOKUP($G7, '26 ADP Data'!$C$4:$Q$298, 9, FALSE) -> 1 | T7: =VLOOKUP($G7, '26 ADP Data'!$C$4:$Q$298, 8, FALSE) -> - | U7: =INT(AVERAGE(M7:N7,P7:T7)) -> 1 | V7: =IFERROR(INT(U7/12)+1, 16) -> 1 | X7: =VLOOKUP($G7, SeanRanks26!$A$2:$K$303, 10, FALSE)-U7 -> 0 | Y7: =IF(VLOOKUP($G7, SeanRanks26!$A$2:$H$303, 8, FALSE)=0, "", VLOOKUP($G7, SeanRanks26!$A$2:$H$303, 8, FALSE))
A8: Yes | B8: =IFERROR(INT(AVERAGE(P8:T8)/12)+1, INT(AVERAGE(M8)/12)+1) -> 1 | C8: No | D8: 1 | F8: =VLOOKUP($G8, SeanRanks26!$A$2:$H$303, 5, FALSE) -> 0 | G8: Bijan Robinson | H8: =VLOOKUP($G8, '26 ADP Data'!$C$4:$Q$298, 2, FALSE) -> ATL | I8: =VLOOKUP(G8, '26 ADP Data'!$C$4:$R$496, 16, FALSE) -> RB | J8: =VLOOKUP($G8, SeanRanks26!$A$2:$H$303, 6, FALSE) -> RB1 - 1 - Elite | K8: =VLOOKUP($G8, SeanRanks26!$A$2:$H$303, 7, FALSE) -> 2 | L8: =IFERROR(INT(M8/12)+1, 16) -> 1 | M8: =VLOOKUP($G8, '26 ADP Data'!$C$4:$Q$298, 10, FALSE) -> 2 | N8: =VLOOKUP($G8, '26 ADP Data'!$C$4:$Q$298, 13, FALSE) -> 2 | O8: =M8-N8 -> 0 | P8: =VLOOKUP($G8, '26 ADP Data'!$C$4:$Q$298, 3, FALSE) -> 2 | Q8: =VLOOKUP($G8, '26 ADP Data'!$C$4:$Q$298, 4, FALSE) -> 2 | R8: =VLOOKUP($G8, '26 ADP Data'!$C$4:$Q$298, 6, FALSE) -> 2 | S8: =VLOOKUP($G8, '26 ADP Data'!$C$4:$Q$298, 9, FALSE) -> 2 | T8: =VLOOKUP($G8, '26 ADP Data'!$C$4:$Q$298, 8, FALSE) -> - | U8: =INT(AVERAGE(M8:N8,P8:T8)) -> 2 | V8: =IFERROR(INT(U8/12)+1, 16) -> 1 | X8: =VLOOKUP($G8, SeanRanks26!$A$2:$K$303, 10, FALSE)-U8 -> 0 | Y8: =IF(VLOOKUP($G8, SeanRanks26!$A$2:$H$303, 8, FALSE)=0, "", VLOOKUP($G8, SeanRanks26!$A$2:$H$303, 8, FALSE))
B9: =IFERROR(INT(AVERAGE(P9:T9)/12)+1, INT(AVERAGE(M9)/12)+1) -> 1 | C9: Yes | F9: =VLOOKUP($G9, SeanRanks26!$A$2:$H$303, 5, FALSE) -> 0 | G9: Ja'Marr Chase | H9: =VLOOKUP($G9, '26 ADP Data'!$C$4:$Q$298, 2, FALSE) -> CIN | I9: =VLOOKUP(G9, '26 ADP Data'!$C$4:$R$496, 16, FALSE) -> WR | J9: =VLOOKUP($G9, SeanRanks26!$A$2:$H$303, 6, FALSE) -> WR1 - 1 - Elite | K9: =VLOOKUP($G9, SeanRanks26!$A$2:$H$303, 7, FALSE) -> 1 | L9: =IFERROR(INT(M9/12)+1, 16) -> 1 | M9: =VLOOKUP($G9, '26 ADP Data'!$C$4:$Q$298, 10, FALSE) -> 3 | N9: =VLOOKUP($G9, '26 ADP Data'!$C$4:$Q$298, 13, FALSE) -> 3 | O9: =M9-N9 -> 0 | P9: =VLOOKUP($G9, '26 ADP Data'!$C$4:$Q$298, 3, FALSE) -> 3 | Q9: =VLOOKUP($G9, '26 ADP Data'!$C$4:$Q$298, 4, FALSE) -> 3 | R9: =VLOOKUP($G9, '26 ADP Data'!$C$4:$Q$298, 6, FALSE) -> 3 | S9: =VLOOKUP($G9, '26 ADP Data'!$C$4:$Q$298, 9, FALSE) -> 3 | T9: =VLOOKUP($G9, '26 ADP Data'!$C$4:$Q$298, 8, FALSE) -> - | U9: =INT(AVERAGE(M9:N9,P9:T9)) -> 3 | V9: =IFERROR(INT(U9/12)+1, 16) -> 1 | X9: =VLOOKUP($G9, SeanRanks26!$A$2:$K$303, 10, FALSE)-U9 -> 0 | Y9: =IF(VLOOKUP($G9, SeanRanks26!$A$2:$H$303, 8, FALSE)=0, "", VLOOKUP($G9, SeanRanks26!$A$2:$H$303, 8, FALSE))
B10: =IFERROR(INT(AVERAGE(P10:T10)/12)+1, INT(AVERAGE(M10)/12)+1) -> 1 | C10: Yes | F10: =VLOOKUP($G10, SeanRanks26!$A$2:$H$303, 5, FALSE) -> 0 | G10: Jaxon Smith-Njigba | H10: =VLOOKUP($G10, '26 ADP Data'!$C$4:$Q$298, 2, FALSE) -> SEA | I10: =VLOOKUP(G10, '26 ADP Data'!$C$4:$R$496, 16, FALSE) -> WR | J10: =VLOOKUP($G10, SeanRanks26!$A$2:$H$303, 6, FALSE) -> WR1 - 1 - Elite | K10: =VLOOKUP($G10, SeanRanks26!$A$2:$H$303, 7, FALSE) -> 2 | L10: =IFERROR(INT(M10/12)+1, 16) -> 1 | M10: =VLOOKUP($G10, '26 ADP Data'!$C$4:$Q$298, 10, FALSE) -> 8 | N10: =VLOOKUP($G10, '26 ADP Data'!$C$4:$Q$298, 13, FALSE) -> 5 | O10: =M10-N10 -> 3 | P10: =VLOOKUP($G10, '26 ADP Data'!$C$4:$Q$298, 3, FALSE) -> 6 | Q10: =VLOOKUP($G10, '26 ADP Data'!$C$4:$Q$298, 4, FALSE) -> 6 | R10: =VLOOKUP($G10, '26 ADP Data'!$C$4:$Q$298, 6, FALSE) -> 6 | S10: =VLOOKUP($G10, '26 ADP Data'!$C$4:$Q$298, 9, FALSE) -> 8 | T10: =VLOOKUP($G10, '26 ADP Data'!$C$4:$Q$298, 8, FALSE) -> - | U10: =INT(AVERAGE(M10:N10,P10:T10)) -> 6 | V10: =IFERROR(INT(U10/12)+1, 16) -> 1 | X10: =VLOOKUP($G10, SeanRanks26!$A$2:$K$303, 10, FALSE)-U10 -> 2 | Y10: =IF(VLOOKUP($G10, SeanRanks26!$A$2:$H$303, 8, FALSE)=0, "", VLOOKUP($G10, SeanRanks26!$A$2:$H$303, 8, FALSE))
B11: =IFERROR(INT(AVERAGE(P11:T11)/12)+1, INT(AVERAGE(M11)/12)+1) -> 1 | C11: Yes | D11: 1 | F11: =VLOOKUP($G11, SeanRanks26!$A$2:$H$303, 5, FALSE) -> 0 | G11: Christian McCaffrey | H11: =VLOOKUP($G11, '26 ADP Data'!$C$4:$Q$298, 2, FALSE) -> SF | I11: =VLOOKUP(G11, '26 ADP Data'!$C$4:$R$496, 16, FALSE) -> RB | J11: =VLOOKUP($G11, SeanRanks26!$A$2:$H$303, 6, FALSE) -> RB1 - 2 - Could be RB1 | K11: =VLOOKUP($G11, SeanRanks26!$A$2:$H$303, 7, FALSE) -> 3 | L11: =IFERROR(INT(M11/12)+1, 16) -> 1 | M11: =VLOOKUP($G11, '26 ADP Data'!$C$4:$Q$298, 10, FALSE) -> 6 | N11: =VLOOKUP($G11, '26 ADP Data'!$C$4:$Q$298, 13, FALSE) -> 6 | O11: =M11-N11 -> 0 | P11: =VLOOKUP($G11, '26 ADP Data'!$C$4:$Q$298, 3, FALSE) -> 7 | Q11: =VLOOKUP($G11, '26 ADP Data'!$C$4:$Q$298, 4, FALSE) -> 7 | R11: =VLOOKUP($G11, '26 ADP Data'!$C$4:$Q$298, 6, FALSE) -> 5 | S11: =VLOOKUP($G11, '26 ADP Data'!$C$4:$Q$298, 9, FALSE) -> 4 | T11: =VLOOKUP($G11, '26 ADP Data'!$C$4:$Q$298, 8, FALSE) -> - | U11: =INT(AVERAGE(M11:N11,P11:T11)) -> 5 | V11: =IFERROR(INT(U11/12)+1, 16) -> 1 | X11: =VLOOKUP($G11, SeanRanks26!$A$2:$K$303, 10, FALSE)-U11 -> 1 | Y11: =IF(VLOOKUP($G11, SeanRanks26!$A$2:$H$303, 8, FALSE)=0, "", VLOOKUP($G11, SeanRanks26!$A$2:$H$303, 8, FALSE))
B12: =IFERROR(INT(AVERAGE(P12:T12)/12)+1, INT(AVERAGE(M12)/12)+1) -> 1 | C12: Yes | F12: =VLOOKUP($G12, SeanRanks26!$A$2:$H$303, 5, FALSE) -> 0 | G12: Jonathan Taylor | H12: =VLOOKUP($G12, '26 ADP Data'!$C$4:$Q$298, 2, FALSE) -> IND | I12: =VLOOKUP(G12, '26 ADP Data'!$C$4:$R$496, 16, FALSE) -> RB | J12: =VLOOKUP($G12, SeanRanks26!$A$2:$H$303, 6, FALSE) -> RB1 - 2 - Could be RB1 | K12: =VLOOKUP($G12, SeanRanks26!$A$2:$H$303, 7, FALSE) -> 4 | L12: =IFERROR(INT(M12/12)+1, 16) -> 1 | M12: =VLOOKUP($G12, '26 ADP Data'!$C$4:$Q$298, 10, FALSE) -> 5 | N12: =VLOOKUP($G12, '26 ADP Data'!$C$4:$Q$298, 13, FALSE) -> 8 | O12: =M12-N12 -> -3 | P12: =VLOOKUP($G12, '26 ADP Data'!$C$4:$Q$298, 3, FALSE) -> 5 | Q12: =VLOOKUP($G12, '26 ADP Data'!$C$4:$Q$298, 4, FALSE) -> 5 | R12: =VLOOKUP($G12, '26 ADP Data'!$C$4:$Q$298, 6, FALSE) -> 8 | S12: =VLOOKUP($G12, '26 ADP Data'!$C$4:$Q$298, 9, FALSE) -> 5 | T12: =VLOOKUP($G12, '26 ADP Data'!$C$4:$Q$298, 8, FALSE) -> - | U12: =INT(AVERAGE(M12:N12,P12:T12)) -> 6 | V12: =IFERROR(INT(U12/12)+1, 16) -> 1 | X12: =VLOOKUP($G12, SeanRanks26!$A$2:$K$303, 10, FALSE)-U12 -> -1 | Y12: =IF(VLOOKUP($G12, SeanRanks26!$A$2:$H$303, 8, FALSE)=0, "", VLOOKUP($G12, SeanRanks26!$A$2:$H$303, 8, FALSE))
B13: =IFERROR(INT(AVERAGE(P13:T13)/12)+1, INT(AVERAGE(M13)/12)+1) -> 1 | C13: Yes | F13: =VLOOKUP($G13, SeanRanks26!$A$2:$H$303, 5, FALSE) -> 0 | G13: Puka Nacua | H13: =VLOOKUP($G13, '26 ADP Data'!$C$4:$Q$298, 2, FALSE) -> LAR | I13: =VLOOKUP(G13, '26 ADP Data'!$C$4:$R$496, 16, FALSE) -> WR | J13: =VLOOKUP($G13, SeanRanks26!$A$2:$H$303, 6, FALSE) -> WR1 - 1 - Elite | K13: =VLOOKUP($G13, SeanRanks26!$A$2:$H$303, 7, FALSE) -> 3 | L13: =IFERROR(INT(M13/12)+1, 16) -> 1 | M13: =VLOOKUP($G13, '26 ADP Data'!$C$4:$Q$298, 10, FALSE) -> 4 | N13: =VLOOKUP($G13, '26 ADP Data'!$C$4:$Q$298, 13, FALSE) -> 4 | O13: =M13-N13 -> 0 | P13: =VLOOKUP($G13, '26 ADP Data'!$C$4:$Q$298, 3, FALSE) -> 4 | Q13: =VLOOKUP($G13, '26 ADP Data'!$C$4:$Q$298, 4, FALSE) -> 4 | R13: =VLOOKUP($G13, '26 ADP Data'!$C$4:$Q$298, 6, FALSE) -> 4 | S13: =VLOOKUP($G13, '26 ADP Data'!$C$4:$Q$298, 9, FALSE) -> 6 | T13: =VLOOKUP($G13, '26 ADP Data'!$C$4:$Q$298, 8, FALSE) -> - | U13: =INT(AVERAGE(M13:N13,P13:T13)) -> 4 | V13: =IFERROR(INT(U13/12)+1, 16) -> 1 | X13: =VLOOKUP($G13, SeanRanks26!$A$2:$K$303, 10, FALSE)-U13 -> 0 | Y13: =IF(VLOOKUP($G13, SeanRanks26!$A$2:$H$303, 8, FALSE)=0, "", VLOOKUP($G13, SeanRanks26!$A$2:$H$303, 8, FALSE))
B14: =IFERROR(INT(AVERAGE(P14:T14)/12)+1, INT(AVERAGE(M14)/12)+1) -> 1 | C14: Yes | D14: 1 | F14: =VLOOKUP($G14, SeanRanks26!$A$2:$H$303, 5, FALSE) -> 0 | G14: Amon-Ra St. Brown | H14: =VLOOKUP($G14, '26 ADP Data'!$C$4:$Q$298, 2, FALSE) -> DET | I14: =VLOOKUP(G14, '26 ADP Data'!$C$4:$R$496, 16, FALSE) -> WR | J14: =VLOOKUP($G14, SeanRanks26!$A$2:$H$303, 6, FALSE) -> WR1 - 2 - Volotile | K14: =VLOOKUP($G14, SeanRanks26!$A$2:$H$303, 7, FALSE) -> 4 | L14: =IFERROR(INT(M14/12)+1, 16) -> 1 | M14: =VLOOKUP($G14, '26 ADP Data'!$C$4:$Q$298, 10, FALSE) -> 7 | N14: =VLOOKUP($G14, '26 ADP Data'!$C$4:$Q$298, 13, FALSE) -> 7 | O14: =M14-N14 -> 0 | P14: =VLOOKUP($G14, '26 ADP Data'!$C$4:$Q$298, 3, FALSE) -> 8 | Q14: =VLOOKUP($G14, '26 ADP Data'!$C$4:$Q$298, 4, FALSE) -> 8 | R14: =VLOOKUP($G14, '26 ADP Data'!$C$4:$Q$298, 6, FALSE) -> 7 | S14: =VLOOKUP($G14, '26 ADP Data'!$C$4:$Q$298, 9, FALSE) -> 7 | T14: =VLOOKUP($G14, '26 ADP Data'!$C$4:$Q$298, 8, FALSE) -> - | U14: =INT(AVERAGE(M14:N14,P14:T14)) -> 7 | V14: =IFERROR(INT(U14/12)+1, 16) -> 1 | X14: =VLOOKUP($G14, SeanRanks26!$A$2:$K$303, 10, FALSE)-U14 -> 0 | Y14: =IF(VLOOKUP($G14, SeanRanks26!$A$2:$H$303, 8, FALSE)=0, "", VLOOKUP($G14, SeanRanks26!$A$2:$H$303, 8, FALSE))
B15: =IFERROR(INT(AVERAGE(P15:T15)/12)+1, INT(AVERAGE(M15)/12)+1) -> 1 | C15: Yes | F15: =VLOOKUP($G15, SeanRanks26!$A$2:$H$303, 5, FALSE) -> 0 | G15: James Cook | H15: =VLOOKUP($G15, '26 ADP Data'!$C$4:$Q$298, 2, FALSE) -> BUF | I15: =VLOOKUP(G15, '26 ADP Data'!$C$4:$R$496, 16, FALSE) -> RB | J15: =VLOOKUP($G15, SeanRanks26!$A$2:$H$303, 6, FALSE) -> RB1 - 3 - Weekly RB1 | K15: =VLOOKUP($G15, SeanRanks26!$A$2:$H$303, 7, FALSE) -> 5 | L15: =IFERROR(INT(M15/12)+1, 16) -> 1 | M15: =VLOOKUP($G15, '26 ADP Data'!$C$4:$Q$298, 10, FALSE) -> 9 | N15: =VLOOKUP($G15, '26 ADP Data'!$C$4:$Q$298, 13, FALSE) -> 10 | O15: =M15-N15 -> -1 | P15: =VLOOKUP($G15, '26 ADP Data'!$C$4:$Q$298, 3, FALSE) -> 9 | Q15: =VLOOKUP($G15, '26 ADP Data'!$C$4:$Q$298, 4, FALSE) -> 9 | R15: =VLOOKUP($G15, '26 ADP Data'!$C$4:$Q$298, 6, FALSE) -> 10 | S15: =VLOOKUP($G15, '26 ADP Data'!$C$4:$Q$298, 9, FALSE) -> 9 | T15: =VLOOKUP($G15, '26 ADP Data'!$C$4:$Q$298, 8, FALSE) -> - | U15: =INT(AVERAGE(M15:N15,P15:T15)) -> 9 | V15: =IFERROR(INT(U15/12)+1, 16) -> 1 | X15: =VLOOKUP($G15, SeanRanks26!$A$2:$K$303, 10, FALSE)-U15 -> 0 | Y15: =IF(VLOOKUP($G15, SeanRanks26!$A$2:$H$303, 8, FALSE)=0, "", VLOOKUP($G15, SeanRanks26!$A$2:$H$303, 8, FALSE))
B16: =IFERROR(INT(AVERAGE(P16:T16)/12)+1, INT(AVERAGE(M16)/12)+1) -> 2 | C16: Yes | D16: 1 | F16: =VLOOKUP($G16, SeanRanks26!$A$2:$H$303, 5, FALSE) -> 0 | G16: A.J. Brown | H16: =VLOOKUP($G16, '26 ADP Data'!$C$4:$Q$298, 2, FALSE) -> NE | I16: =VLOOKUP(G16, '26 ADP Data'!$C$4:$R$496, 16, FALSE) -> WR | J16: =VLOOKUP($G16, SeanRanks26!$A$2:$H$303, 6, FALSE) -> WR1 - 2 - Volotile | K16: =VLOOKUP($G16, SeanRanks26!$A$2:$H$303, 7, FALSE) -> 5 | L16: =IFERROR(INT(M16/12)+1, 16) -> 2 | M16: =VLOOKUP($G16, '26 ADP Data'!$C$4:$Q$298, 10, FALSE) -> 23 | N16: =VLOOKUP($G16, '26 ADP Data'!$C$4:$Q$298, 13, FALSE) -> 19 | O16: =M16-N16 -> 4 | P16: =VLOOKUP($G16, '26 ADP Data'!$C$4:$Q$298, 3, FALSE) -> 18 | Q16: =VLOOKUP($G16, '26 ADP Data'!$C$4:$Q$298, 4, FALSE) -> 19 | R16: =VLOOKUP($G16, '26 ADP Data'!$C$4:$Q$298, 6, FALSE) -> 21 | S16: =VLOOKUP($G16, '26 ADP Data'!$C$4:$Q$298, 9, FALSE) -> 19 | T16: =VLOOKUP($G16, '26 ADP Data'!$C$4:$Q$298, 8, FALSE) -> - | U16: =INT(AVERAGE(M16:N16,P16:T16)) -> 19 | V16: =IFERROR(INT(U16/12)+1, 16) -> 2 | X16: =VLOOKUP($G16, SeanRanks26!$A$2:$K$303, 10, FALSE)-U16 -> 4 | Y16: =IF(VLOOKUP($G16, SeanRanks26!$A$2:$H$303, 8, FALSE)=0, "", VLOOKUP($G16, SeanRanks26!$A$2:$H$303, 8, FALSE))
B17: =IFERROR(INT(AVERAGE(P17:T17)/12)+1, INT(AVERAGE(M17)/12)+1) -> 1 | C17: Yes | D17: 1 | F17: =VLOOKUP($G17, SeanRanks26!$A$2:$H$303, 5, FALSE) -> 0 | G17: CeeDee Lamb | H17: =VLOOKUP($G17, '26 ADP Data'!$C$4:$Q$298, 2, FALSE) -> DAL | I17: =VLOOKUP(G17, '26 ADP Data'!$C$4:$R$496, 16, FALSE) -> WR | J17: =VLOOKUP($G17, SeanRanks26!$A$2:$H$303, 6, FALSE) -> WR1 - 2 - Volotile | K17: =VLOOKUP($G17, SeanRanks26!$A$2:$H$303, 7, FALSE) -> 6 | L17: =IFERROR(INT(M17/12)+1, 16) -> 2 | M17: =VLOOKUP($G17, '26 ADP Data'!$C$4:$Q$298, 10, FALSE) -> 12 | N17: =VLOOKUP($G17, '26 ADP Data'!$C$4:$Q$298, 13, FALSE) -> 9 | O17: =M17-N17 -> 3 | P17: =VLOOKUP($G17, '26 ADP Data'!$C$4:$Q$298, 3, FALSE) -> 12 | Q17: =VLOOKUP($G17, '26 ADP Data'!$C$4:$Q$298, 4, FALSE) -> 10 | R17: =VLOOKUP($G17, '26 ADP Data'!$C$4:$Q$298, 6, FALSE) -> 13 | S17: =VLOOKUP($G17, '26 ADP Data'!$C$4:$Q$298, 9, FALSE) -> 11 | T17: =VLOOKUP($G17, '26 ADP Data'!$C$4:$Q$298, 8, FALSE) -> - | U17: =INT(AVERAGE(M17:N17,P17:T17)) -> 11 | V17: =IFERROR(INT(U17/12)+1, 16) -> 1 | X17: =VLOOKUP($G17, SeanRanks26!$A$2:$K$303, 10, FALSE)-U17 -> 1 | Y17: =IF(VLOOKUP($G17, SeanRanks26!$A$2:$H$303, 8, FALSE)=0, "", VLOOKUP($G17, SeanRanks26!$A$2:$H$303, 8, FALSE))
B18: =IFERROR(INT(AVERAGE(P18:T18)/12)+1, INT(AVERAGE(M18)/12)+1) -> 2 | C18: Yes | D18: 1 | F18: =VLOOKUP($G18, SeanRanks26!$A$2:$H$303, 5, FALSE) -> 0 | G18: Saquon Barkley | H18: =VLOOKUP($G18, '26 ADP Data'!$C$4:$Q$298, 2, FALSE) -> PHI | I18: =VLOOKUP(G18, '26 ADP Data'!$C$4:$R$496, 16, FALSE) -> RB | J18: =VLOOKUP($G18, SeanRanks26!$A$2:$H$303, 6, FALSE) -> RB1 - 3 - Weekly RB1 | K18: =VLOOKUP($G18, SeanRanks26!$A$2:$H$303, 7, FALSE) -> 9 | L18: =IFERROR(INT(M18/12)+1, 16) -> 1 | M18: =VLOOKUP($G18, '26 ADP Data'!$C$4:$Q$298, 10, FALSE) -> 10 | N18: =VLOOKUP($G18, '26 ADP Data'!$C$4:$Q$298, 13, FALSE) -> 12 | O18: =M18-N18 -> -2 | P18: =VLOOKUP($G18, '26 ADP Data'!$C$4:$Q$298, 3, FALSE) -> 13 | Q18: =VLOOKUP($G18, '26 ADP Data'!$C$4:$Q$298, 4, FALSE) -> 13 | R18: =VLOOKUP($G18, '26 ADP Data'!$C$4:$Q$298, 6, FALSE) -> 16 | S18: =VLOOKUP($G18, '26 ADP Data'!$C$4:$Q$298, 9, FALSE) -> 10 | T18: =VLOOKUP($G18, '26 ADP Data'!$C$4:$Q$298, 8, FALSE) -> - | U18: =INT(AVERAGE(M18:N18,P18:T18)) -> 12 | V18: =IFERROR(INT(U18/12)+1, 16) -> 2 | W18: =D18-V18 -> -1 | X18: =VLOOKUP($G18, SeanRanks26!$A$2:$K$303, 10, FALSE)-U18 -> -2 | Y18: =IF(VLOOKUP($G18, SeanRanks26!$A$2:$H$303, 8, FALSE)=0, "", VLOOKUP($G18, SeanRanks26!$A$2:$H$303, 8, FALSE))
B19: =IFERROR(INT(AVERAGE(P19:T19)/12)+1, INT(AVERAGE(M19)/12)+1) -> 2 | C19: Yes | D19: 1 | F19: =VLOOKUP($G19, SeanRanks26!$A$2:$H$303, 5, FALSE) -> 0 | G19: Chase Brown | H19: =VLOOKUP($G19, '26 ADP Data'!$C$4:$Q$298, 2, FALSE) -> CIN | I19: =VLOOKUP(G19, '26 ADP Data'!$C$4:$R$496, 16, FALSE) -> RB | J19: =VLOOKUP($G19, SeanRanks26!$A$2:$H$303, 6, FALSE) -> RB1 - 4 - More Qs | K19: =VLOOKUP($G19, SeanRanks26!$A$2:$H$303, 7, FALSE) -> 14 | L19: =IFERROR(INT(M19/12)+1, 16) -> 2 | M19: =VLOOKUP($G19, '26 ADP Data'!$C$4:$Q$298, 10, FALSE) -> 14 | N19: =VLOOKUP($G19, '26 ADP Data'!$C$4:$Q$298, 13, FALSE) -> 14 | O19: =M19-N19 -> 0 | P19: =VLOOKUP($G19, '26 ADP Data'!$C$4:$Q$298, 3, FALSE) -> 10 | Q19: =VLOOKUP($G19, '26 ADP Data'!$C$4:$Q$298, 4, FALSE) -> 16 | R19: =VLOOKUP($G19, '26 ADP Data'!$C$4:$Q$298, 6, FALSE) -> 11 | S19: =VLOOKUP($G19, '26 ADP Data'!$C$4:$Q$298, 9, FALSE) -> 17 | T19: =VLOOKUP($G19, '26 ADP Data'!$C$4:$Q$298, 8, FALSE) -> - | U19: =INT(AVERAGE(M19:N19,P19:T19)) -> 13 | V19: =IFERROR(INT(U19/12)+1, 16) -> 2 | X19: =VLOOKUP($G19, SeanRanks26!$A$2:$K$303, 10, FALSE)-U19 -> 1 | Y19: =IF(VLOOKUP($G19, SeanRanks26!$A$2:$H$303, 8, FALSE)=0, "", VLOOKUP($G19, SeanRanks26!$A$2:$H$303, 8, FALSE))
B20: =IFERROR(INT(AVERAGE(P20:T20)/12)+1, INT(AVERAGE(M20)/12)+1) -> 2 | C20: Yes | D20: 2 | F20: =VLOOKUP($G20, SeanRanks26!$A$2:$H$303, 5, FALSE) -> 0 | G20: De'Von Achane | H20: =VLOOKUP($G20, '26 ADP Data'!$C$4:$Q$298, 2, FALSE) -> MIA | I20: =VLOOKUP(G20, '26 ADP Data'!$C$4:$R$496, 16, FALSE) -> RB | J20: =VLOOKUP($G20, SeanRanks26!$A$2:$H$303, 6, FALSE) -> RB1 - 3 - Weekly RB1 | K20: =VLOOKUP($G20, SeanRanks26!$A$2:$H$303, 7, FALSE) -> 6 | L20: =IFERROR(INT(M20/12)+1, 16) -> 2 | M20: =VLOOKUP($G20, '26 ADP Data'!$C$4:$Q$298, 10, FALSE) -> 17 | N20: =VLOOKUP($G20, '26 ADP Data'!$C$4:$Q$298, 13, FALSE) -> 18 | O20: =M20-N20 -> -1 | P20: =VLOOKUP($G20, '26 ADP Data'!$C$4:$Q$298, 3, FALSE) -> 11 | Q20: =VLOOKUP($G20, '26 ADP Data'!$C$4:$Q$298, 4, FALSE) -> 12 | R20: =VLOOKUP($G20, '26 ADP Data'!$C$4:$Q$298, 6, FALSE) -> 15 | S20: =VLOOKUP($G20, '26 ADP Data'!$C$4:$Q$298, 9, FALSE) -> 13 | T20: =VLOOKUP($G20, '26 ADP Data'!$C$4:$Q$298, 8, FALSE) -> - | U20: =INT(AVERAGE(M20:N20,P20:T20)) -> 14 | V20: =IFERROR(INT(U20/12)+1, 16) -> 2 | W20: =D20-V20 -> 0 | X20: =VLOOKUP($G20, SeanRanks26!$A$2:$K$303, 10, FALSE)-U20 -> 3 | Y20: =IF(VLOOKUP($G20, SeanRanks26!$A$2:$H$303, 8, FALSE)=0, "", VLOOKUP($G20, SeanRanks26!$A$2:$H$303, 8, FALSE))
